Diagnosed Diabetes; 65-74 (Age); Adults Aged 18+ Years; Percentage; U.S. States
Data downloaded on 30-January-2024
Year,State,Percentage,Lower Limit, Upper Limit
2000,Median of States,14.6,14,15.5
2001,Median of States,15.4,14.7,16.8
2002,Median of States,16,14.3,17.1
2003,Median of States,17.3,16.3,18.4
2004,Median of States,17.2,16.1,18.9
2005,Median of States,18.5,17.6,19.5
2006,Median of States,18.7,18.1,21.1
2007,Median of States,19.8,18.3,21.7
2008,Median of States,20,18.9,21.3
2009,Median of States,19.9,18.5,21.4
2010,Median of States,20.6,18.7,21.9
2011,Median of States,21.7,20.5,23
2012,Median of States,21.5,20,23
2013,Median of States,21.8,20.8,23
2014,Median of States,22.3,21.5,24.3
2015,Median of States,22.5,20.7,23.6
2016,Median of States,23.1,21.5,24.2
2017,Median of States,21.6,20.5,23.1
2018,Median of States,23,21.8,24.9
2019,Median of States,22.3,21,23.6
2020,Median of States,21.6,19.7,23.3
2021,Median of States,20.6,19.8,22.6
2000,Guam,No Data,No Data,No Data
2000,Virgin Islands of the U.S.,No Data,No Data,No Data
2000,Alabama,15.4,11.3,20.8
2000,Alaska,Suppressed,Suppressed,Suppressed
2000,Arizona,13.4,8.3,20.9
2000,Arkansas,12.7,9.3,17.1
2000,California,15.9,11.4,21.9
2000,Colorado,18.9,12.5,27.5
2000,Connecticut,15.6,12.1,20
2000,Delaware,15.4,10.5,22.2
2000,District of Columbia,24.4,17,33.6
2000,Florida,14,11.4,17.1
2000,Georgia,19,14.8,23.9
2000,Hawaii,14.3,11.4,17.9
2000,Idaho,12.8,9.4,17.4
2000,Illinois,15.8,11.9,20.7
2000,Indiana,14.8,11.1,19.5
2000,Iowa,18.1,14.2,22.9
2000,Kansas,17.2,13.5,21.7
2000,Kentucky,14.9,11.8,18.6
2000,Louisiana,14.6,11.6,18.3
2000,Maine,12.9,9,18.2
2000,Maryland,14.5,10.7,19.5
2000,Massachusetts,14.3,11.7,17.5
2000,Michigan,14.5,10.6,19.6
2000,Minnesota,16.2,11.6,22
2000,Mississippi,18.9,14,24.9
2000,Missouri,14.6,10.8,19.4
2000,Montana,15.6,11.3,21.2
2000,Nebraska,11,8,14.8
2000,Nevada,19.8,11.9,30.9
2000,New Hampshire,9.7,6.3,14.8
2000,New Jersey,13.1,10,17
2000,New Mexico,16.6,12.2,22.1
2000,New York,14.5,10.7,19.2
2000,North Carolina,13.6,10.3,17.8
2000,North Dakota,15.7,11.1,21.7
2000,Ohio,14.1,9.7,20.1
2000,Oklahoma,9.8,7.3,12.9
2000,Oregon,10.9,8,14.8
2000,Pennsylvania,18.3,14.2,23.2
2000,Rhode Island,13.2,9.9,17.5
2000,South Carolina,15.5,11.4,20.7
2000,South Dakota,12.9,10.1,16.3
2000,Tennessee,15,11,20
2000,Texas,12.9,9.8,16.7
2000,Utah,16.7,11.7,23.5
2000,Vermont,12.8,9.5,17.1
2000,Virginia,16.5,11.5,23.2
2000,Washington,11.9,8.6,16.2
2000,West Virginia,13.8,10,18.6
2000,Wisconsin,13.9,10.1,18.8
2000,Wyoming,10.9,7.1,16.3
2000,Puerto Rico,25.8,21.5,30.7
2001,Alabama,20.7,16.2,26
2001,Alaska,16.2,9.9,25.3
2001,Arizona,11.3,8.2,15.3
2001,Arkansas,16.2,12.4,20.9
2001,California,13.9,10.6,18.1
2001,Colorado,10.8,6.9,16.6
2001,Connecticut,15.3,12.5,18.5
2001,Delaware,15.1,11.1,20.3
2001,District of Columbia,25.9,18.8,34.6
2001,Florida,17.3,14,21.1
2001,Georgia,18.7,14.7,23.5
2001,Hawaii,17.6,13.2,23.1
2001,Idaho,11.6,8.7,15.5
2001,Illinois,16.3,12.7,20.7
2001,Indiana,14.3,11,18.3
2001,Iowa,13.2,10,17.2
2001,Kansas,15.2,12.1,19
2001,Kentucky,12.9,10.5,15.8
2001,Louisiana,20.1,16.5,24.2
2001,Maine,16.8,12.6,22.1
2001,Maryland,13.6,10.2,17.8
2001,Massachusetts,17.1,14.2,20.4
2001,Michigan,17,13.3,21.4
2001,Minnesota,12.3,9.4,16
2001,Mississippi,20.6,16.2,25.7
2001,Missouri,14.2,10.6,18.6
2001,Montana,14.2,10.4,19.1
2001,Nebraska,11,8.1,14.9
2001,Nevada,16.1,10.3,24.3
2001,New Hampshire,15.4,12,19.6
2001,New Jersey,17.7,14.3,21.8
2001,New Mexico,14.8,11.3,19.2
2001,New York,13.4,9.9,17.8
2001,North Carolina,15.7,12.1,20.2
2001,North Dakota,8.6,5.5,13.1
2001,Ohio,15.3,11.5,20
2001,Oklahoma,20.5,16.3,25.5
2001,Oregon,16.3,12,21.8
2001,Pennsylvania,13.8,10.8,17.6
2001,Rhode Island,17.9,13.9,22.9
2001,South Carolina,18.1,14,23.2
2001,South Dakota,14.2,11.6,17.4
2001,Tennessee,15,11.1,19.9
2001,Texas,17.1,14,20.8
2001,Utah,12.5,8.6,17.9
2001,Vermont,16.6,12.9,21.1
2001,Virginia,18.4,13.6,24.4
2001,Washington,14.7,11.3,18.9
2001,West Virginia,17.5,13.8,21.8
2001,Wisconsin,14.4,10.8,19.1
2001,Wyoming,10.2,7.2,14.2
2001,Guam,Suppressed,Suppressed,Suppressed
2001,Puerto Rico,25.6,21.3,30.6
2001,Virgin Islands of the U.S.,21.3,15.2,29.1
2002,Alabama,17.6,13.9,22.1
2002,Alaska,9.4,5.5,15.6
2002,Arizona,16,11.9,21.3
2002,Arkansas,17.1,13.9,20.8
2002,California,18.1,13.4,24.1
2002,Colorado,9.8,7,13.6
2002,Connecticut,15.5,12.3,19.3
2002,Delaware,16.7,13.1,21.1
2002,District of Columbia,20.8,15,28.1
2002,Florida,13.3,10.9,16.2
2002,Georgia,21.3,17.4,25.9
2002,Hawaii,15.7,12.2,20
2002,Idaho,16.7,13.5,20.4
2002,Illinois,17.1,13.8,21.1
2002,Indiana,17.8,14.4,21.7
2002,Iowa,14.5,11.2,18.7
2002,Kansas,13.9,10.9,17.5
2002,Kentucky,14.8,12.4,17.7
2002,Louisiana,13.6,10.8,16.9
2002,Maine,20.7,15.9,26.4
2002,Maryland,13,9.6,17.3
2002,Massachusetts,12.4,9.9,15.6
2002,Michigan,19.2,15.8,23.3
2002,Minnesota,12.2,9.4,15.5
2002,Mississippi,18.7,15.3,22.8
2002,Missouri,15.9,12.5,20.1
2002,Montana,12,8.8,16.1
2002,Nebraska,11.5,8.9,14.8
2002,Nevada,16.1,11,23
2002,New Hampshire,17.6,14.3,21.5
2002,New Jersey,16.6,12,22.3
2002,New Mexico,14,11.1,17.5
2002,New York,20.8,16.4,26
2002,North Carolina,22.3,18.1,27.2
2002,North Dakota,14.3,10.7,18.8
2002,Ohio,19.5,15.1,24.9
2002,Oklahoma,15,12.6,17.7
2002,Oregon,13.7,9.7,18.9
2002,Pennsylvania,20.7,18.3,23.4
2002,Rhode Island,13.8,10.6,17.7
2002,South Carolina,18.6,14.8,23.1
2002,South Dakota,14.1,11.3,17.3
2002,Tennessee,16.2,12.6,20.7
2002,Texas,17.4,13.8,21.6
2002,Utah,12.4,8.8,17.3
2002,Vermont,13.6,10.6,17.3
2002,Virginia,16.9,13.4,21.2
2002,Washington,12.9,10,16.5
2002,West Virginia,21,17.3,25.3
2002,Wisconsin,12.4,9.5,16
2002,Wyoming,10.9,8,14.6
2002,Guam,Suppressed,Suppressed,Suppressed
2002,Puerto Rico,29.9,25.3,34.9
2002,Virgin Islands of the U.S.,24,17.6,31.8
2003,Alabama,18.4,14.6,22.9
2003,Alaska,15.1,9.1,23.8
2003,Arizona,16.3,11.5,22.7
2003,Arkansas,17,13.6,20.9
2003,California,19.3,14.9,24.5
2003,Colorado,12.6,9.3,16.7
2003,Connecticut,15.7,12.7,19.3
2003,Delaware,18.4,14.4,23.2
2003,District of Columbia,23.6,16.8,32.1
2003,Florida,14.3,11.3,18
2003,Georgia,21.4,17.9,25.4
2003,Hawaii,20.4,15.7,26
2003,Idaho,14.2,11.2,17.9
2003,Illinois,14.9,11.8,18.7
2003,Indiana,19.2,15.9,22.9
2003,Iowa,17.9,14.6,21.7
2003,Kansas,13.9,11.1,17.2
2003,Kentucky,19.7,16.3,23.7
2003,Louisiana,19.8,16.3,23.9
2003,Maine,17.7,13.1,23.3
2003,Maryland,21.7,17.2,27
2003,Massachusetts,16.9,13.8,20.6
2003,Michigan,17.3,13.5,21.7
2003,Minnesota,13.6,10.5,17.4
2003,Mississippi,23.2,19.4,27.5
2003,Missouri,15.8,12.1,20.3
2003,Montana,12.5,9.3,16.6
2003,Nebraska,17.2,14.2,20.8
2003,Nevada,12.2,8.3,17.5
2003,New Hampshire,15.6,12.4,19.4
2003,New Jersey,17.3,15.1,19.7
2003,New Mexico,15.3,12.5,18.6
2003,New York,14.5,11.6,18
2003,North Carolina,18.1,15.2,21.5
2003,North Dakota,18.6,14.6,23.3
2003,Ohio,22.1,17.5,27.5
2003,Oklahoma,16.3,14,18.8
2003,Oregon,18.6,15,22.8
2003,Pennsylvania,19,15.4,23.3
2003,Rhode Island,19.9,15.9,24.6
2003,South Carolina,18.3,15.3,21.7
2003,South Dakota,17.4,14.5,20.8
2003,Tennessee,17.2,13,22.6
2003,Texas,16.2,13.3,19.6
2003,Utah,18.3,13.7,24
2003,Vermont,12.2,9.5,15.6
2003,Virginia,15.6,12.4,19.5
2003,Washington,14.8,13.1,16.8
2003,West Virginia,18.5,15,22.7
2003,Wisconsin,16.7,13.1,21.1
2003,Wyoming,15.8,12.6,19.7
2003,Guam,32.4,20.6,46.9
2003,Puerto Rico,32.3,27.6,37.4
2003,Virgin Islands of the U.S.,28.9,21.6,37.4
2004,Hawaii,No Data,No Data,No Data
2004,Guam,No Data,No Data,No Data
2004,Alabama,20.1,16.5,24.3
2004,Alaska,10,6.1,16
2004,Arizona,17,12.9,22.2
2004,Arkansas,16.4,13.2,20.1
2004,California,19.5,14.6,25.5
2004,Colorado,10.9,8.1,14.5
2004,Connecticut,15,12.1,18.3
2004,Delaware,20.3,16.4,24.8
2004,District of Columbia,29.7,23.2,37.2
2004,Florida,15.7,13,18.8
2004,Georgia,20,16.3,24.2
2004,Idaho,18.9,15.6,22.7
2004,Illinois,16.4,12.6,20.9
2004,Indiana,19,16.1,22.3
2004,Iowa,14.6,11.8,17.9
2004,Kansas,16.7,14.5,19.1
2004,Kentucky,18.9,15.6,22.7
2004,Louisiana,21.4,18.4,24.6
2004,Maine,15.3,12,19.2
2004,Maryland,20.2,15.6,25.7
2004,Massachusetts,14.9,12.1,18.3
2004,Michigan,15.6,12.7,19
2004,Minnesota,13.6,10.8,17
2004,Mississippi,22,19,25.4
2004,Missouri,18.2,14.7,22.4
2004,Montana,13.9,10.9,17.7
2004,Nebraska,14.8,12.3,17.6
2004,Nevada,14.8,10.2,20.8
2004,New Hampshire,17.3,14.1,21
2004,New Jersey,19.5,17.3,22
2004,New Mexico,16.2,13.4,19.5
2004,New York,19,15.4,23.1
2004,North Carolina,20.4,18.3,22.7
2004,North Dakota,14.9,11.5,19
2004,Ohio,21.6,16.5,27.8
2004,Oklahoma,17.6,15.2,20.3
2004,Oregon,15.5,12.5,19
2004,Pennsylvania,17.5,14.8,20.6
2004,Rhode Island,18.3,14.4,22.9
2004,South Carolina,22.2,19.4,25.2
2004,South Dakota,16.9,14.2,19.9
2004,Tennessee,17.1,13.8,21
2004,Texas,22.3,18.7,26.3
2004,Utah,16.1,12.5,20.6
2004,Vermont,14.1,11.8,16.7
2004,Virginia,18.7,14.9,23.1
2004,Washington,15.6,13.8,17.6
2004,West Virginia,22.8,18.7,27.5
2004,Wisconsin,15.4,12.1,19.4
2004,Wyoming,15.8,12.4,19.8
2004,Puerto Rico,24.1,20.2,28.5
2004,Virgin Islands of the U.S.,25.2,19,32.6
2005,Guam,No Data,No Data,No Data
2005,Alabama,23.8,19.6,28.5
2005,Alaska,12.6,7.6,20.4
2005,Arizona,18.7,14.3,24.2
2005,Arkansas,15.2,12.7,18.2
2005,California,20.6,16,26.2
2005,Colorado,14.4,11.7,17.7
2005,Connecticut,14.6,11.7,18.1
2005,Delaware,18.5,14.8,22.8
2005,District of Columbia,20.5,16,26
2005,Florida,18.5,15.7,21.6
2005,Georgia,22.2,18.4,26.5
2005,Hawaii,16.1,13,19.8
2005,Idaho,17.7,14.6,21.4
2005,Illinois,20.9,17.1,25.3
2005,Indiana,22.3,19,26
2005,Iowa,14.8,12,18
2005,Kansas,17,14.8,19.4
2005,Kentucky,16.2,13.7,19.2
2005,Louisiana,23.8,19.1,29.3
2005,Maine,16.8,13.5,20.9
2005,Maryland,19.5,16.3,23.2
2005,Massachusetts,15.3,12.6,18.4
2005,Michigan,20.1,17.9,22.4
2005,Minnesota,14.8,11.1,19.5
2005,Mississippi,26,22.1,30.4
2005,Missouri,17.2,13.9,21.1
2005,Montana,12.8,10,16.1
2005,Nebraska,18.5,15.9,21.3
2005,Nevada,19.5,14.2,26.3
2005,New Hampshire,19.2,16.1,22.7
2005,New Jersey,19.1,16.7,21.6
2005,New Mexico,17.6,14.6,21.1
2005,New York,19.1,16.1,22.4
2005,North Carolina,20,18.2,22.1
2005,North Dakota,16.1,13,19.8
2005,Ohio,18.6,15.4,22.4
2005,Oklahoma,20.5,17.7,23.5
2005,Oregon,17.6,15.6,19.7
2005,Pennsylvania,20,17.4,22.8
2005,Rhode Island,17,13.6,21.1
2005,South Carolina,21.3,18.9,24
2005,South Dakota,15.5,13,18.3
2005,Tennessee,20.7,17.1,24.9
2005,Texas,20,17,23.5
2005,Utah,18.2,14.5,22.5
2005,Vermont,15.3,12.9,18.1
2005,Virginia,18.3,15.1,22.1
2005,Washington,15.5,13.9,17.2
2005,West Virginia,21,17.4,25.2
2005,Wisconsin,15.9,12.6,19.9
2005,Wyoming,18.9,15.8,22.5
2005,Puerto Rico,31.4,27,36.1
2005,Virgin Islands of the U.S.,24.8,18.2,32.7
2006,Guam,No Data,No Data,No Data
2006,Alabama,24.5,20.6,28.9
2006,Alaska,23.8,16.3,33.2
2006,Arizona,17.2,13.1,22.3
2006,Arkansas,18.1,15.5,21
2006,California,22.5,18.3,27.5
2006,Colorado,14.9,12.3,18
2006,Connecticut,15.6,13.1,18.5
2006,Delaware,21.7,17.7,26.4
2006,District of Columbia,20.9,16.5,26.2
2006,Florida,17.7,15.5,20.2
2006,Georgia,23.8,20.6,27.2
2006,Hawaii,18.4,15.2,22
2006,Idaho,15.3,12.3,18.9
2006,Illinois,20.8,17.3,24.8
2006,Indiana,19.9,17.1,23
2006,Iowa,16.7,13.9,19.9
2006,Kansas,17.9,15.5,20.5
2006,Kentucky,22.1,18.5,26
2006,Louisiana,20.9,18.1,24
2006,Maine,17.1,13.7,21.2
2006,Maryland,20.1,16.9,23.7
2006,Massachusetts,15.7,13.4,18.3
2006,Michigan,21.8,18.6,25.5
2006,Minnesota,13.9,10.9,17.4
2006,Mississippi,24.7,21.8,27.8
2006,Missouri,18.2,14.3,23
2006,Montana,14.7,12.3,17.6
2006,Nebraska,18.5,15.8,21.6
2006,Nevada,21.2,16.5,26.8
2006,New Hampshire,16.1,13.5,19.2
2006,New Jersey,21.7,19.4,24.3
2006,New Mexico,17.5,14.6,20.9
2006,New York,18.5,15.3,22.1
2006,North Carolina,22.8,20.7,24.9
2006,North Dakota,18.6,15.2,22.5
2006,Ohio,15.4,11.7,20.1
2006,Oklahoma,21.2,18.5,24.2
2006,Oregon,18.8,15.7,22.3
2006,Pennsylvania,18.9,16.1,22
2006,Rhode Island,17.7,14.5,21.5
2006,South Carolina,22.5,19.9,25.3
2006,South Dakota,14.2,11.8,17
2006,Tennessee,23.1,18.9,27.9
2006,Texas,21.5,17.7,25.7
2006,Utah,21.3,17.4,25.8
2006,Vermont,14.9,12.6,17.5
2006,Virginia,21.1,17.5,25.1
2006,Washington,18.7,17.1,20.5
2006,West Virginia,22.8,19.3,26.8
2006,Wisconsin,15.6,12.5,19.4
2006,Wyoming,15,12.3,18.2
2006,Puerto Rico,31.1,27.6,34.8
2006,Virgin Islands of the U.S.,18.1,14.1,22.9
2007,Alabama,23.5,20.5,26.6
2007,Alaska,19,12,28.9
2007,Arizona,21.5,16.7,27.1
2007,Arkansas,17.6,15.1,20.4
2007,California,22.5,18.4,27.2
2007,Colorado,14,12.1,16.1
2007,Connecticut,18.6,15.8,21.8
2007,Delaware,20.8,16.9,25.3
2007,District of Columbia,21.4,17.4,26.1
2007,Florida,18.9,17.1,20.8
2007,Georgia,24.4,21.5,27.5
2007,Hawaii,21.2,17.4,25.5
2007,Idaho,17.7,14.8,21.2
2007,Illinois,22.1,18.7,25.8
2007,Indiana,23,19.5,26.9
2007,Iowa,17,14.3,20.1
2007,Kansas,16.5,14.4,18.9
2007,Kentucky,22.3,19.3,25.5
2007,Louisiana,26.9,23.7,30.5
2007,Maine,16.8,14.3,19.5
2007,Maryland,22,18.8,25.6
2007,Massachusetts,17.9,16.1,19.9
2007,Michigan,22,19.2,25.1
2007,Minnesota,12,9.6,14.8
2007,Mississippi,25.7,23.1,28.6
2007,Missouri,18.7,15.5,22.3
2007,Montana,16,13.5,18.9
2007,Nebraska,17.2,14.2,20.6
2007,Nevada,19.6,15.6,24.2
2007,New Hampshire,17.7,15,20.8
2007,New Jersey,22.7,19.4,26.3
2007,New Mexico,18.5,15.7,21.7
2007,New York,18.8,16.1,22
2007,North Carolina,21.2,19.2,23.4
2007,North Dakota,15.9,13.1,19.1
2007,Ohio,21.7,19.3,24.2
2007,Oklahoma,22.5,20,25.2
2007,Oregon,18.3,15.5,21.4
2007,Pennsylvania,19.9,17.4,22.8
2007,Rhode Island,18,14.9,21.6
2007,South Carolina,21.9,19.5,24.5
2007,South Dakota,16.2,13.7,18.9
2007,Tennessee,24.7,21,28.9
2007,Texas,25.3,23,27.8
2007,Utah,16.7,13.6,20.4
2007,Vermont,15.4,13.1,18
2007,Virginia,21.2,18.1,24.7
2007,Washington,17.8,16.4,19.4
2007,West Virginia,22.6,19.5,26.1
2007,Wisconsin,17.6,14.4,21.2
2007,Wyoming,17.8,15.2,20.7
2007,Guam,26.1,15.9,39.8
2007,Puerto Rico,33,29.4,36.8
2007,Virgin Islands of the U.S.,25,19.4,31.6
2008,Alabama,23.4,20.4,26.6
2008,Alaska,20.8,13.7,30.4
2008,Arizona,19.6,15.7,24.2
2008,Arkansas,20.2,17.4,23.2
2008,California,21.9,19.2,25
2008,Colorado,15.3,13.3,17.5
2008,Connecticut,18,15.2,21.2
2008,Delaware,19.6,16.1,23.8
2008,District of Columbia,20.3,16.7,24.5
2008,Florida,20.4,17.6,23.4
2008,Georgia,22.1,19.1,25.4
2008,Hawaii,17.3,14.4,20.8
2008,Idaho,19.8,16.8,23.3
2008,Illinois,19.6,16.4,23.2
2008,Indiana,22.9,19.2,27
2008,Iowa,16.4,13.9,19.2
2008,Kansas,18.9,16.7,21.2
2008,Kentucky,22.3,19.7,25.2
2008,Louisiana,24.8,21.6,28.2
2008,Maine,19,16.5,21.8
2008,Maryland,21.6,18.7,24.7
2008,Massachusetts,18.2,16.3,20.3
2008,Michigan,21.3,18.9,23.8
2008,Minnesota,17.4,14.4,21
2008,Mississippi,24.3,21.8,27
2008,Missouri,18,15.2,21.2
2008,Montana,16,13.6,18.7
2008,Nebraska,17.1,14.8,19.7
2008,Nevada,19.4,15.6,23.8
2008,New Hampshire,15.7,13.2,18.5
2008,New Jersey,21.5,19.1,24.2
2008,New Mexico,17.7,14.9,20.9
2008,New York,20.3,17.5,23.3
2008,North Carolina,20.1,18.2,22.1
2008,North Dakota,19,16.2,22.2
2008,Ohio,22,19.8,24.5
2008,Oklahoma,22.8,20.2,25.7
2008,Oregon,18.1,15.2,21.4
2008,Pennsylvania,21.3,18.8,24
2008,Rhode Island,14.5,11.8,17.6
2008,South Carolina,21.5,18.9,24.2
2008,South Dakota,15.4,13.1,18
2008,Tennessee,21.9,18.7,25.4
2008,Texas,24,21.2,27.1
2008,Utah,22.4,18.8,26.5
2008,Vermont,15.4,13.2,18
2008,Virginia,18.2,15.4,21.5
2008,Washington,16.4,15,17.9
2008,West Virginia,23.2,19.9,26.9
2008,Wisconsin,16.7,13.6,20.3
2008,Wyoming,17.3,15.1,19.8
2008,Guam,20.6,11.5,34
2008,Puerto Rico,32.1,28.7,35.7
2008,Virgin Islands of the U.S.,27.2,21.8,33.3
2009,Alabama,23.6,20.5,27.1
2009,Alaska,19.7,12.8,29.1
2009,Arizona,18.5,15,22.7
2009,Arkansas,20.4,17.3,23.9
2009,California,22,19.8,24.4
2009,Colorado,14.5,12.7,16.6
2009,Connecticut,15.6,13.2,18.4
2009,Delaware,16.3,13.5,19.5
2009,District of Columbia,20.7,17.2,24.7
2009,Florida,23,20.2,25.9
2009,Georgia,26.3,23.1,29.7
2009,Hawaii,19,15.9,22.5
2009,Idaho,18.3,15.7,21.4
2009,Illinois,17.6,14.9,20.6
2009,Indiana,24.2,21.7,26.9
2009,Iowa,17.2,14.7,20
2009,Kansas,17.9,16.5,19.4
2009,Kentucky,23.7,20.7,27
2009,Louisiana,26.8,24.3,29.5
2009,Maine,17.7,15.6,20
2009,Maryland,25.7,22.5,29.3
2009,Massachusetts,19.5,17.3,21.9
2009,Michigan,23.5,21.1,26
2009,Minnesota,16.6,14.1,19.6
2009,Mississippi,26.5,24.2,28.8
2009,Missouri,19.3,16.3,22.6
2009,Montana,14.5,12.4,16.9
2009,Nebraska,20,17.7,22.6
2009,Nevada,16.4,12.9,20.5
2009,New Hampshire,18.2,15.5,21.2
2009,New Jersey,22.3,19.8,25.1
2009,New Mexico,17.8,15.6,20.2
2009,New York,22,19,25.3
2009,North Carolina,22.6,20.1,25.3
2009,North Dakota,16.5,13.8,19.7
2009,Ohio,22,19.6,24.6
2009,Oklahoma,20.9,18.5,23.5
2009,Oregon,17.6,14.9,20.7
2009,Pennsylvania,20.2,17.7,22.9
2009,Rhode Island,15.4,12.9,18.3
2009,South Carolina,20.2,17.8,22.8
2009,South Dakota,18.7,16,21.7
2009,Tennessee,19.6,16.7,22.9
2009,Texas,21.4,18.7,24.3
2009,Utah,20,17.6,22.6
2009,Vermont,14.9,12.7,17.5
2009,Virginia,19.7,16.6,23.1
2009,Washington,17.6,16.1,19.1
2009,West Virginia,27,23.8,30.4
2009,Wisconsin,22.5,18.4,27.3
2009,Wyoming,16,13.7,18.7
2009,Guam,26.7,18,37.6
2009,Puerto Rico,31.9,28.5,35.5
2009,Virgin Islands of the U.S.,22.9,18.4,28.1
2010,Alabama,25.9,23.1,29
2010,Alaska,16.4,9.6,26.5
2010,Arizona,17.4,14.5,20.7
2010,Arkansas,20.8,17.9,24.1
2010,California,22,19.8,24.3
2010,Colorado,15.2,13.3,17.3
2010,Connecticut,14.6,12.3,17.2
2010,Delaware,21.2,17.9,24.8
2010,District of Columbia,21,17.3,25.4
2010,Florida,19.1,17.4,20.9
2010,Georgia,23.2,20.4,26.3
2010,Hawaii,18.1,15.4,21.2
2010,Idaho,17.3,15.1,19.8
2010,Illinois,22.3,18.6,26.6
2010,Indiana,21.3,19,23.7
2010,Iowa,15.8,13.6,18.3
2010,Kansas,19,16.9,21.2
2010,Kentucky,22.2,19.6,25.1
2010,Louisiana,25.1,22.4,28.1
2010,Maine,16.7,14.7,18.8
2010,Maryland,21.9,19.1,25
2010,Massachusetts,18.9,16.8,21.1
2010,Michigan,21.5,19.3,23.8
2010,Minnesota,17.8,15.1,21
2010,Mississippi,26.9,24.3,29.6
2010,Missouri,20.7,17.6,24.2
2010,Montana,15,12.9,17.4
2010,Nebraska,18.9,16.5,21.6
2010,Nevada,16,12.7,19.9
2010,New Hampshire,18.3,15.8,21.1
2010,New Jersey,21.6,19,24.4
2010,New Mexico,20.6,18.1,23.3
2010,New York,20.2,17.8,22.9
2010,North Carolina,23.2,20.8,25.8
2010,North Dakota,16.8,14.1,19.9
2010,Ohio,23.6,21.1,26.4
2010,Oklahoma,23.8,21.4,26.3
2010,Oregon,17.8,15.4,20.6
2010,Pennsylvania,22.6,20.3,25.1
2010,Rhode Island,18,15.5,20.9
2010,South Carolina,23.8,21.2,26.6
2010,South Dakota,14,11.9,16.5
2010,Tennessee,24.9,21.7,28.4
2010,Texas,23.3,21,25.8
2010,Utah,18.1,15.7,20.7
2010,Vermont,16.2,14,18.6
2010,Virginia,23,19.1,27.4
2010,Washington,18.7,17.2,20.2
2010,West Virginia,23.1,20.1,26.3
2010,Wisconsin,17.8,14.8,21.3
2010,Wyoming,19,16.6,21.8
2010,Guam,34.3,22.8,47.8
2010,Puerto Rico,30.4,27,34
2010,Virgin Islands of the U.S.,26.6,21.3,32.6
2011,Virgin Islands of the U.S.,No Data,No Data,No Data
2011,Alabama,24.2,21.5,27.2
2011,Alaska,18.7,13.4,25.4
2011,Arizona,23,19,27.5
2011,Arkansas,23.8,20.6,27.4
2011,California,21.7,19.5,24.1
2011,Colorado,18,15.9,20.3
2011,Connecticut,23.9,20.7,27.4
2011,Delaware,20.3,17.1,24.1
2011,District of Columbia,20.5,16.6,25
2011,Florida,25.1,22.3,28.1
2011,Georgia,27.9,25.3,30.7
2011,Hawaii,19.2,16.2,22.7
2011,Idaho,21.1,18,24.5
2011,Illinois,22.2,18.7,26.2
2011,Indiana,23.3,20.7,26.2
2011,Iowa,18.1,15.7,20.8
2011,Kansas,20.3,18.8,22
2011,Kentucky,23.6,20.7,26.7
2011,Louisiana,24.2,21.8,26.8
2011,Maine,18.5,16.6,20.5
2011,Maryland,21.6,18.7,24.7
2011,Massachusetts,18.2,16.3,20.2
2011,Michigan,21.5,18.9,24.3
2011,Minnesota,16.1,14.2,18.2
2011,Mississippi,25.4,22.8,28.2
2011,Missouri,21.9,18.8,25.3
2011,Montana,19.9,17.1,23
2011,Nebraska,20.1,18.4,21.9
2011,Nevada,24.4,19.1,30.6
2011,New Hampshire,18.5,15.9,21.3
2011,New Jersey,21.7,19.3,24.3
2011,New Mexico,21.3,18.9,23.8
2011,New York,24.3,21,27.9
2011,North Carolina,23.8,21.1,26.7
2011,North Dakota,21.1,17.9,24.7
2011,Ohio,21.5,18.9,24.4
2011,Oklahoma,22.3,19.9,24.9
2011,Oregon,20.1,17,23.5
2011,Pennsylvania,24.7,22,27.5
2011,Rhode Island,20.3,17.5,23.3
2011,South Carolina,26.8,24.4,29.5
2011,South Dakota,21.7,17.7,26.2
2011,Tennessee,27.8,22.3,34.1
2011,Texas,22.7,20.2,25.4
2011,Utah,18.1,15.9,20.5
2011,Vermont,16.8,14.4,19.5
2011,Virginia,23.9,20.5,27.7
2011,Washington,19.1,17.1,21.3
2011,West Virginia,22.1,19,25.5
2011,Wisconsin,18.6,15.1,22.8
2011,Wyoming,19.4,15.7,23.6
2011,Guam,29.9,22,39.2
2011,Puerto Rico,34.5,31.4,37.8
2012,Virgin Islands of the U.S.,No Data,No Data,No Data
2012,Alabama,25.2,22.7,27.9
2012,Alaska,18.1,13.9,23.4
2012,Arizona,17.8,15.1,20.7
2012,Arkansas,21.6,18.7,24.9
2012,California,20.9,18.5,23.6
2012,Colorado,17,14.9,19.3
2012,Connecticut,20.7,18.1,23.5
2012,Delaware,18.9,16,22.1
2012,District of Columbia,17.6,14.4,21.5
2012,Florida,20.3,17.5,23.4
2012,Georgia,27,23.7,30.7
2012,Hawaii,14.1,11.2,17.6
2012,Idaho,19.8,16.2,24
2012,Illinois,21.8,18.4,25.6
2012,Indiana,23.7,21,26.5
2012,Iowa,21.5,19,24.1
2012,Kansas,20.8,18.7,23
2012,Kentucky,21.6,19.2,24.3
2012,Louisiana,26.6,23.7,29.8
2012,Maine,19.4,17.3,21.6
2012,Maryland,23.9,21,27.1
2012,Massachusetts,19.9,17.9,22
2012,Michigan,23.6,21.4,25.9
2012,Minnesota,16.6,14.5,19
2012,Mississippi,27.4,24.8,30.2
2012,Missouri,23.2,19.8,26.9
2012,Montana,14.1,12,16.4
2012,Nebraska,17.8,16,19.7
2012,Nevada,20.2,16.2,24.9
2012,New Hampshire,23,20.2,26
2012,New Jersey,22.1,19.6,24.9
2012,New Mexico,19.1,16.8,21.6
2012,New York,22.7,18.4,27.6
2012,North Carolina,23.3,21,25.8
2012,North Dakota,20.9,17.5,24.7
2012,Ohio,24.3,21.9,26.8
2012,Oklahoma,24.1,21.4,26.9
2012,Oregon,19.6,16.7,22.7
2012,Pennsylvania,22,20,24.1
2012,Rhode Island,21.8,18.7,25.3
2012,South Carolina,23.9,21.5,26.6
2012,South Dakota,20,16.1,24.5
2012,Tennessee,25.4,22.4,28.6
2012,Texas,26.3,23.1,29.8
2012,Utah,19.2,17.1,21.5
2012,Vermont,15.5,13,18.3
2012,Virginia,25.5,22.7,28.6
2012,Washington,20,18,22.3
2012,West Virginia,26.4,23.3,29.7
2012,Wisconsin,17.5,14.3,21.2
2012,Wyoming,17.8,15.1,20.9
2012,Guam,28.2,20.5,37.4
2012,Puerto Rico,35,31.8,38.4
2013,Virgin Islands of the U.S.,No Data,No Data,No Data
2013,Alabama,26.4,23.5,29.6
2013,Alaska,18.2,14,23.2
2013,Arizona,21.8,17.4,26.9
2013,Arkansas,21.4,18.4,24.7
2013,California,21.8,18.8,25.2
2013,Colorado,17.6,15.6,19.7
2013,Connecticut,19.9,17,23.1
2013,Delaware,22.8,19.8,26.2
2013,District of Columbia,17.7,14.7,21.2
2013,Florida,23.5,21.3,25.8
2013,Georgia,23.8,21,26.8
2013,Hawaii,20.3,16.9,24.2
2013,Idaho,19.7,16.6,23.2
2013,Illinois,24.7,20.8,29.1
2013,Indiana,26,23.6,28.5
2013,Iowa,24.4,21.8,27.3
2013,Kansas,20.7,19.3,22.3
2013,Kentucky,24.2,21.5,27.1
2013,Louisiana,28.2,24.6,32.1
2013,Maine,18.5,16.1,21.1
2013,Maryland,22.4,20,25
2013,Massachusetts,18.3,15.9,20.9
2013,Michigan,21.6,19.4,23.9
2013,Minnesota,16.6,13.5,20.2
2013,Mississippi,26,23.1,29.1
2013,Missouri,19.5,16.8,22.6
2013,Montana,17,14.6,19.6
2013,Nebraska,20.8,18.5,23.2
2013,Nevada,19.4,15.3,24.3
2013,New Hampshire,19,16.5,21.9
2013,New Jersey,22.5,19.9,25.4
2013,New Mexico,23,20.3,26
2013,New York,24.4,21.2,27.9
2013,North Carolina,23.9,21.2,26.8
2013,North Dakota,21.3,18.5,24.5
2013,Ohio,24.6,21.9,27.5
2013,Oklahoma,23,20.6,25.6
2013,Oregon,16.3,14,18.8
2013,Pennsylvania,22.5,20.1,25.2
2013,Rhode Island,19.9,17.1,23
2013,South Carolina,27.1,24.5,29.9
2013,South Dakota,21.1,17,25.8
2013,Tennessee,23.5,20.3,27.1
2013,Texas,24.6,21.5,27.9
2013,Utah,21.6,19.1,24.4
2013,Vermont,19.2,16.6,22.2
2013,Virginia,22.5,19.6,25.7
2013,Washington,21.5,19.3,24
2013,West Virginia,27,23.8,30.3
2013,Wisconsin,20.3,16.8,24.4
2013,Wyoming,20.8,18.2,23.7
2013,Guam,29.2,20.6,39.5
2013,Puerto Rico,37.2,33.8,40.7
2014,Virgin Islands of the U.S.,No Data,No Data,No Data
2014,Alabama,24.3,21.9,26.9
2014,Alaska,21.3,17.4,25.9
2014,Arizona,21.8,19.9,23.8
2014,Arkansas,24.7,21.5,28.1
2014,California,21.5,18.6,24.7
2014,Colorado,16.3,14.5,18.2
2014,Connecticut,20.9,18.1,24
2014,Delaware,25.8,22.1,29.8
2014,District of Columbia,19.8,16.1,24
2014,Florida,22.7,20.4,25.3
2014,Georgia,26.7,23.9,29.8
2014,Hawaii,18.4,15.6,21.6
2014,Idaho,16.9,14.1,20.1
2014,Illinois,23.5,20.1,27.3
2014,Indiana,22.3,20.2,24.6
2014,Iowa,22.1,19.8,24.7
2014,Kansas,22.3,20.5,24.2
2014,Kentucky,25.6,23,28.2
2014,Louisiana,27.1,24.3,30.2
2014,Maine,19.3,17.2,21.6
2014,Maryland,24.4,21.6,27.6
2014,Massachusetts,22.4,20,24.9
2014,Michigan,25.1,22.7,27.7
2014,Minnesota,18.3,16.6,20.2
2014,Mississippi,27.7,24.2,31.6
2014,Missouri,23.6,20.8,26.7
2014,Montana,16.6,14.2,19.3
2014,Nebraska,20,18.3,21.8
2014,Nevada,24.4,20.1,29.3
2014,New Hampshire,19.5,16.6,22.7
2014,New Jersey,24.2,21.5,27.2
2014,New Mexico,24.8,21.9,28
2014,New York,21.8,18.8,25.2
2014,North Carolina,22,19.6,24.6
2014,North Dakota,20.4,17.6,23.5
2014,Ohio,25.1,22.4,27.9
2014,Oklahoma,25.4,23,28
2014,Oregon,20.4,17.8,23.3
2014,Pennsylvania,23.5,21.3,26
2014,Rhode Island,21.8,19.1,24.9
2014,South Carolina,24.8,22.7,27
2014,South Dakota,19,15.6,22.8
2014,Tennessee,27.1,23.8,30.7
2014,Texas,27,24,30.1
2014,Utah,19.3,17.2,21.5
2014,Vermont,15.8,13.3,18.5
2014,Virginia,24.3,21.8,27.1
2014,Washington,18.9,16.8,21.1
2014,West Virginia,28.3,25.4,31.4
2014,Wisconsin,19.3,16.4,22.7
2014,Wyoming,17.7,15.2,20.4
2014,Guam,25.9,19.6,33.4
2014,Puerto Rico,35.7,32.3,39.2
2015,Virgin Islands of the U.S.,No Data,No Data,No Data
2015,Alabama,28.3,25.6,31.2
2015,Alaska,19.8,14.2,27
2015,Arizona,20,17.7,22.5
2015,Arkansas,23.9,20.7,27.4
2015,California,24,21,27.3
2015,Colorado,17.3,15.3,19.4
2015,Connecticut,20,17.9,22.3
2015,Delaware,22.7,19.3,26.5
2015,District of Columbia,19.2,15.8,23.2
2015,Florida,22.6,20.2,25.2
2015,Georgia,25.2,21.9,28.7
2015,Hawaii,15.4,13,18.2
2015,Idaho,20.1,17.2,23.3
2015,Illinois,28.1,24.3,32.1
2015,Indiana,22.7,19.7,25.9
2015,Iowa,20.7,18,23.7
2015,Kansas,23.5,22,25
2015,Kentucky,27.5,23.9,31.5
2015,Louisiana,29.8,26.1,33.8
2015,Maine,19.4,16.9,22.2
2015,Maryland,22,19.5,24.8
2015,Massachusetts,18.5,15.7,21.6
2015,Michigan,22.8,20.4,25.4
2015,Minnesota,17,15.5,18.7
2015,Mississippi,32,28.6,35.7
2015,Missouri,23.5,20.8,26.5
2015,Montana,17.1,14.4,20.2
2015,Nebraska,19.7,17.9,21.8
2015,Nevada,21.2,16.1,27.2
2015,New Hampshire,20.1,17.7,22.7
2015,New Jersey,23.6,20.6,26.7
2015,New Mexico,22.3,18.9,26.1
2015,New York,22.5,20.2,25
2015,North Carolina,24,21.1,27.2
2015,North Dakota,21.2,18.1,24.7
2015,Ohio,23.7,21.4,26.3
2015,Oklahoma,24.3,21.6,27.2
2015,Oregon,21.2,18.4,24.4
2015,Pennsylvania,25.3,21.8,29.1
2015,Rhode Island,20.4,17.6,23.6
2015,South Carolina,25.4,23.1,27.8
2015,South Dakota,17.6,14.7,21
2015,Tennessee,23.5,20.6,26.7
2015,Texas,25.9,22.7,29.3
2015,Utah,21.1,18.5,23.8
2015,Vermont,16.2,13.9,18.8
2015,Virginia,25,21.5,28.8
2015,Washington,20.1,18.2,22
2015,West Virginia,25,22.2,28
2015,Wisconsin,18.8,15.8,22.1
2015,Wyoming,20.1,17.2,23.4
2015,Guam,30.7,21.3,41.9
2015,Puerto Rico,36.1,32.5,39.8
2016,Alabama,26.5,23.8,29.5
2016,Alaska,21.9,14.5,31.7
2016,Arizona,21.5,19.4,23.8
2016,Arkansas,26.5,23,30.4
2016,California,22.8,19.7,26.3
2016,Colorado,16,14.4,17.7
2016,Connecticut,21.9,19.7,24.3
2016,Delaware,23.3,19.8,27.1
2016,District of Columbia,20.9,17.2,25.1
2016,Florida,24.2,22.1,26.4
2016,Georgia,26.7,23.6,30.1
2016,Hawaii,19.5,16.9,22.3
2016,Idaho,21.2,18,24.7
2016,Illinois,20.4,17.4,23.7
2016,Indiana,24.9,22.7,27.2
2016,Iowa,22.4,19.9,25.1
2016,Kansas,22.3,20.5,24.3
2016,Kentucky,27,24.3,29.9
2016,Louisiana,28.2,24.8,31.9
2016,Maine,19.8,17.7,22.2
2016,Maryland,24.8,22.8,26.8
2016,Massachusetts,21.9,19,25.1
2016,Michigan,22.9,20.8,25.1
2016,Minnesota,19.2,17.5,20.9
2016,Mississippi,27.7,24.4,31.4
2016,Missouri,25.1,22,28.4
2016,Montana,16.5,14,19.4
2016,Nebraska,19.2,17.2,21.2
2016,Nevada,24.2,20.1,28.8
2016,New Hampshire,18.8,16.4,21.4
2016,New Jersey,23.3,19.8,27.1
2016,New Mexico,25.3,22,28.9
2016,New York,23.7,21.3,26.2
2016,North Carolina,24.1,21.3,27.1
2016,North Dakota,19.2,16.7,22.1
2016,Ohio,24,21.7,26.5
2016,Oklahoma,24.4,21.9,27.1
2016,Oregon,20.9,18.2,23.9
2016,Pennsylvania,26.7,23.1,30.7
2016,Rhode Island,20.4,17.6,23.6
2016,South Carolina,26,23.8,28.2
2016,South Dakota,18.2,15,21.9
2016,Tennessee,26.5,23.4,29.9
2016,Texas,27.3,23.7,31.3
2016,Utah,21.2,18.7,23.9
2016,Vermont,16.7,14.3,19.3
2016,Virginia,24.2,21.6,27
2016,Washington,19.3,17.5,21.1
2016,West Virginia,28.5,26,31.3
2016,Wisconsin,20.1,17.2,23.3
2016,Wyoming,17.3,14.5,20.5
2016,Guam,32.6,24.4,41.9
2016,Puerto Rico,34.4,30.7,38.3
2016,Virgin Islands of the U.S.,24.7,18.7,32
2017,Virgin Islands of the U.S.,No Data,No Data,No Data
2017,Alabama,28.2,25.4,31.1
2017,Alaska,17.3,12.7,23.1
2017,Arizona,20.5,18.9,22.2
2017,Arkansas,26.2,22.3,30.5
2017,California,24,20.6,27.6
2017,Colorado,15.6,13.7,17.7
2017,Connecticut,20.2,18,22.7
2017,Delaware,23.7,20.1,27.8
2017,District of Columbia,15.5,12.5,19.1
2017,Florida,20.5,18.2,23
2017,Georgia,24.4,21.5,27.6
2017,Hawaii,19.8,17.1,22.9
2017,Idaho,17.3,14.6,20.4
2017,Illinois,22,19.2,25.2
2017,Indiana,25,23.1,26.9
2017,Iowa,19.7,17.6,22.1
2017,Kansas,22.1,20.7,23.6
2017,Kentucky,27.4,24,31.2
2017,Louisiana,27.4,23.8,31.3
2017,Maine,19,16.7,21.6
2017,Maryland,21.4,19.4,23.6
2017,Massachusetts,20.4,16.5,24.9
2017,Michigan,22.7,20.6,25
2017,Minnesota,17.5,16,19.2
2017,Mississippi,28.3,25.2,31.7
2017,Missouri,23.1,20.4,26
2017,Montana,14.8,12.3,17.7
2017,Nebraska,21.9,19.8,24.2
2017,Nevada,21.1,17,25.8
2017,New Hampshire,19.4,16.8,22.2
2017,New Jersey,23.4,20.6,26.6
2017,New Mexico,19.1,16.5,22
2017,New York,23.1,20.6,25.8
2017,North Carolina,21.6,18.1,25.5
2017,North Dakota,20.9,18.5,23.5
2017,Ohio,23.9,21.6,26.3
2017,Oklahoma,25.3,22.7,28
2017,Oregon,20.2,17.4,23.4
2017,Pennsylvania,22.4,19.5,25.7
2017,Rhode Island,19.6,16.9,22.5
2017,South Carolina,26.5,24.4,28.6
2017,South Dakota,22.9,19.4,26.9
2017,Tennessee,26,22.8,29.5
2017,Texas,25.9,21.9,30.4
2017,Utah,21.1,18.6,23.9
2017,Vermont,16.7,14.3,19.3
2017,Virginia,21.6,19.4,24
2017,Washington,18.5,16.7,20.4
2017,West Virginia,27.4,24.6,30.4
2017,Wisconsin,20.2,17.2,23.6
2017,Wyoming,19.3,16.5,22.5
2017,Guam,33.3,24.5,43.6
2017,Puerto Rico,39.2,34.9,43.6
2018,Virgin Islands of the U.S.,No Data,No Data,No Data
2018,Alabama,29.5,26.6,32.6
2018,Alaska,17.3,13.6,21.9
2018,Arizona,22.9,20,26.2
2018,Arkansas,28.6,25.6,31.8
2018,California,24.9,21.8,28.2
2018,Colorado,16.3,14.4,18.4
2018,Connecticut,18.9,16.6,21.4
2018,Delaware,22.5,19.6,25.7
2018,District of Columbia,19.9,17,23.2
2018,Florida,25.4,22.6,28.5
2018,Georgia,29.9,27.2,32.8
2018,Hawaii,21.3,18.5,24.3
2018,Idaho,21.9,18.4,25.8
2018,Illinois,23.8,20.6,27.3
2018,Indiana,27.3,24.7,29.9
2018,Iowa,21.1,19,23.3
2018,Kansas,26.3,24.2,28.5
2018,Kentucky,27.9,24.6,31.5
2018,Louisiana,26.8,23.2,30.8
2018,Maine,18.8,17,20.7
2018,Maryland,23,21.1,24.9
2018,Massachusetts,19,16.3,22
2018,Michigan,22.1,19.7,24.7
2018,Minnesota,19.2,17.6,21
2018,Mississippi,32.8,29.5,36.2
2018,Missouri,23.9,21.1,26.9
2018,Montana,16.4,13.7,19.5
2018,Nebraska,18.6,16.8,20.6
2018,Nevada,24.3,19.8,29.5
2018,New Hampshire,18.2,15.9,20.8
2018,New Jersey,27.4,21.2,34.7
2018,New Mexico,23.3,20.4,26.6
2018,New York,24.9,22.5,27.5
2018,North Carolina,27.5,23.5,31.8
2018,North Dakota,22.8,19.9,25.9
2018,Ohio,24.6,22.3,27
2018,Oklahoma,25.5,22.5,28.6
2018,Oregon,18.2,15.7,20.9
2018,Pennsylvania,21,18.1,24.3
2018,Rhode Island,22.9,19.9,26.2
2018,South Carolina,26.1,24,28.4
2018,South Dakota,21.7,18.3,25.6
2018,Tennessee,28.7,25.1,32.7
2018,Texas,31.9,26.8,37.4
2018,Utah,21.8,19.3,24.6
2018,Vermont,18.3,15.8,21.1
2018,Virginia,23.6,21.3,26.1
2018,Washington,20.2,18.3,22.2
2018,West Virginia,29.6,26.6,32.8
2018,Wisconsin,18.3,15.1,21.9
2018,Wyoming,17.3,14.9,20.1
2018,Guam,31.2,24,39.4
2018,Puerto Rico,37.3,33.4,41.3
2019,New Jersey,No Data,No Data,No Data
2019,Virgin Islands of the U.S.,No Data,No Data,No Data
2019,Alabama,26.4,23.8,29.2
2019,Alaska,15.7,11.5,21.1
2019,Arizona,19.8,17.1,22.8
2019,Arkansas,25.7,22.8,28.8
2019,California,23.6,20.9,26.5
2019,Colorado,15.1,13.3,17.1
2019,Connecticut,18.6,16.4,21
2019,Delaware,25,21.1,29.4
2019,District of Columbia,23.3,19.1,28.1
2019,Florida,22.5,20,25.3
2019,Georgia,23.4,20.5,26.4
2019,Hawaii,20.7,18.2,23.5
2019,Idaho,20.9,17.3,25
2019,Illinois,27.2,23.8,30.9
2019,Indiana,26.3,23.9,28.8
2019,Iowa,20.1,18.2,22.2
2019,Kansas,21.9,20,24.1
2019,Kentucky,26.1,23.2,29.3
2019,Louisiana,28.3,24.5,32.5
2019,Maine,19.7,17.8,21.8
2019,Maryland,22.3,20.5,24.3
2019,Massachusetts,18.1,15.6,20.8
2019,Michigan,23.7,21.5,26.1
2019,Minnesota,19.3,17.7,21.1
2019,Mississippi,30.8,27.4,34.5
2019,Missouri,21.5,18.9,24.2
2019,Montana,14.9,12.9,17.1
2019,Nebraska,21.7,19.9,23.7
2019,Nevada,21.9,16.4,28.5
2019,New Hampshire,16.9,14.7,19.4
2019,New Mexico,22.2,19.1,25.7
2019,New York,22.9,20.5,25.4
2019,North Carolina,23.7,20.2,27.5
2019,North Dakota,21.9,19.2,24.9
2019,Ohio,25.4,23.2,27.7
2019,Oklahoma,25.5,22.8,28.4
2019,Oregon,17.5,15,20.2
2019,Pennsylvania,21,18.2,24.1
2019,Rhode Island,21,18.3,24
2019,South Carolina,25.5,22.9,28.3
2019,South Dakota,22.4,18.4,26.9
2019,Tennessee,26.3,23.3,29.6
2019,Texas,27.7,24.1,31.7
2019,Utah,19.6,17.5,21.8
2019,Vermont,15.1,12.8,17.6
2019,Virginia,23.5,21.2,25.9
2019,Washington,18.9,17,20.9
2019,West Virginia,30.4,27.3,33.6
2019,Wisconsin,18.9,16.1,22.2
2019,Wyoming,18.1,15.2,21.5
2019,Guam,25.2,18.5,33.3
2019,Puerto Rico,33.5,30,37.1
2020,Virgin Islands of the U.S.,No Data,No Data,No Data
2020,Alabama,28.8,25.4,32.5
2020,Alaska,19.5,14.7,25.4
2020,Arizona,22.2,19.6,25.1
2020,Arkansas,22.9,20.1,25.8
2020,California,19.1,15,23.9
2020,Colorado,16,14.1,18.1
2020,Connecticut,19.3,16.3,22.8
2020,Delaware,23.5,19.6,27.8
2020,District of Columbia,19.4,15.8,23.5
2020,Florida,24.6,21.1,28.4
2020,Georgia,23.8,21.2,26.6
2020,Hawaii,19.4,16.8,22.4
2020,Idaho,18.5,15.5,21.9
2020,Illinois,23.3,19.1,28.1
2020,Indiana,24,21.8,26.5
2020,Iowa,19.3,17.3,21.5
2020,Kansas,21.6,19.5,23.8
2020,Kentucky,25.5,21.8,29.5
2020,Louisiana,30.7,26.8,35
2020,Maine,17.1,15.2,19.1
2020,Maryland,20.5,18.6,22.6
2020,Massachusetts,18.9,15.8,22.5
2020,Michigan,23.5,20.8,26.4
2020,Minnesota,18.4,16.7,20.2
2020,Mississippi,31.3,28.3,34.5
2020,Missouri,23.5,21,26.2
2020,Montana,16.1,14,18.5
2020,Nebraska,20.4,18.4,22.5
2020,Nevada,29,22.8,36.1
2020,New Hampshire,15.8,13.7,18.2
2020,New Jersey,20.1,17.6,22.9
2020,New Mexico,23.8,20.4,27.6
2020,New York,20.9,18.6,23.5
2020,North Carolina,24.1,20.9,27.6
2020,North Dakota,19.7,16.9,22.9
2020,Ohio,23.2,21.2,25.4
2020,Oklahoma,23.2,20.1,26.5
2020,Oregon,18.4,15.5,21.7
2020,Pennsylvania,21.1,17.9,24.8
2020,Rhode Island,20.8,17.9,24.1
2020,South Carolina,22.9,19.6,26.5
2020,South Dakota,16,12.8,19.8
2020,Tennessee,26.7,23,30.7
2020,Texas,26.8,22.4,31.7
2020,Utah,22.2,19.7,25
2020,Vermont,13.3,10.9,16.1
2020,Virginia,24.1,21.4,26.9
2020,Washington,17.1,15.1,19.2
2020,West Virginia,27.3,24.7,30.1
2020,Wisconsin,18.5,15.4,21.9
2020,Wyoming,16.3,13.7,19.3
2020,Guam,22.9,14.8,33.8
2020,Puerto Rico,38.8,32.8,45
2021,Florida,No Data,No Data,No Data
2021,Alabama,27.5,24,31.2
2021,Alaska,17.3,14.3,20.8
2021,Arizona,21.1,18.5,23.9
2021,Arkansas,25.2,22.4,28.2
2021,California,21.3,17.7,25.4
2021,Colorado,16.4,14.4,18.7
2021,Connecticut,18.9,15.9,22.3
2021,Delaware,20.9,17.4,25
2021,District of Columbia,18,14.4,22.4
2021,Georgia,25.5,22.7,28.6
2021,Hawaii,18.5,15.6,21.7
2021,Idaho,19,16.8,21.5
2021,Illinois,19.1,15.3,23.7
2021,Indiana,24.4,22.3,26.7
2021,Iowa,17.7,15.7,20
2021,Kansas,20.2,18.7,21.9
2021,Kentucky,24.3,20.8,28.2
2021,Louisiana,24.9,21.7,28.5
2021,Maine,20.4,18.4,22.5
2021,Maryland,22.3,20.4,24.5
2021,Massachusetts,19.3,16.1,23
2021,Michigan,19.8,17.5,22.2
2021,Minnesota,19.8,18.1,21.7
2021,Mississippi,27.7,24.2,31.6
2021,Missouri,20.4,18.1,23
2021,Montana,16.8,14.6,19.4
2021,Nebraska,20.3,18.5,22.2
2021,Nevada,24.9,19.5,31.2
2021,New Hampshire,16.5,14.4,18.9
2021,New Jersey,22.8,19.7,26.1
2021,New Mexico,21,18,24.5
2021,New York,20.7,19,22.5
2021,North Carolina,25,21.3,29.1
2021,North Dakota,19.9,17.5,22.6
2021,Ohio,25.1,23,27.4
2021,Oklahoma,24.7,21.6,28
2021,Oregon,16.9,14.2,20.1
2021,Pennsylvania,20,17,23.3
2021,Rhode Island,21.2,18.3,24.4
2021,South Carolina,25.2,23,27.5
2021,South Dakota,16.4,12.8,20.7
2021,Tennessee,27.4,23.6,31.4
2021,Texas,25.1,21.5,28.9
2021,Utah,18.9,16.7,21.2
2021,Vermont,15.9,13.3,18.9
2021,Virginia,23.2,20.7,26
2021,Washington,17.6,15.8,19.6
2021,West Virginia,28.2,25.7,30.9
2021,Wisconsin,17,14.4,20
2021,Wyoming,18.6,15.6,22.1
2021,Guam,22.6,15.9,31
2021,Puerto Rico,33.5,28.8,38.6
2021,Virgin Islands of the U.S.,Suppressed,Suppressed,Suppressed
US Diabetes Surveillance System; www.cdc.gov/diabetes/data; Division of Diabetes Translation - Centers for Disease Control and Prevention.