Year,Gender,State,Percentage,State,Percentage,Year,Gender,State,Percentage,Year,Gender,State,Percentage,Year,Gender,State,Percentage,Year,Gender,State,Percentage,State,Percentage,Year,Gender,State,Percentage,Year,Gender,State,Percentage,Year,Gender,State,Percentage,Year,Gender,State,Percentage,Year,Gender,State,Percentage,Year,Gender,State,Percentage,Year,Gender,State,Percentage,Year,Gender,State,Percentage,Year,Gender,State,Percentage,Year,Gender,State,Percentage,Year,Gender,State,Percentage,Year,Gender,State,Percentage,Year,Gender,State,Percentage,Year,Gender,State,Percentage,Year,Gender,State,Percentage,Year,Gender,State,Percentage,Year,Gender,State,Percentage,State,Percentage,Year,Gender,State,Percentage,State,Percentage,Year,Gender,State,Percentage,Year,Gender,State,Percentage,Year,Gender,State,Percentage,State,Percentage,Year,Gender,State,Percentage,Year,Gender,State,Percentage,Year,Gender,State,Percentage,Year,Gender,State,Percentage,Year,Gender,State,Percentage,Year,Gender,State,Percentage,Year,Gender,State,Percentage,Year,Gender,State,Percentage,Year,Gender,State,Percentage,Year,Gender,State,Percentage,Year,Gender,State,Percentage,Year,Gender,State,Percentage,Year,Gender,State,Percentage
2000,Female,Median of States,5.7,Median of States,6.4,2001,Female,Median of States,6,2001,Male,Median of States,6.4,2002,Female,Median of States,6.2,2002,Male,Median of States,7.2,Median of States,6.5,2003,Male,Median of States,7.5,2004,Female,Median of States,6.2,2004,Male,Median of States,7.4,2005,Female,Median of States,6.8,2005,Male,Median of States,7.9,2006,Female,Median of States,6.6,2006,Male,Median of States,8.4,2007,Female,Median of States,7.5,2007,Male,Median of States,8.2,2008,Female,Median of States,7.4,2008,Male,Median of States,8.7,2009,Female,Median of States,7.7,2009,Male,Median of States,8.7,2010,Female,Median of States,7.6,2010,Male,Median of States,9,2011,Female,Median of States,8.3,2011,Male,Median of States,9.7,Median of States,8.3,2012,Male,Median of States,9.7,Median of States,8.5,2013,Male,Median of States,9.6,2014,Female,Median of States,8.6,2014,Male,Median of States,9.9,Median of States,8.6,2015,Male,Median of States,9.7,2016,Female,Median of States,8.8,2016,Male,Median of States,10.2,2017,Female,Median of States,8.8,2017,Male,Median of States,10,2018,Female,Median of States,9.3,2018,Male,Median of States,10.2,2019,Female,Median of States,9.1,2019,Male,Median of States,10.2,2020,Female,Median of States,8.6,2020,Male,Median of States,10.3,2021,Female,Median of States,8.9,2021,Male,Median of States,10.6
2000,Female,Alabama,6.9,Alabama,7.9,2001,Female,Alabama,8.3,2001,Male,Alabama,7.9,2002,Female,Alabama,8.8,2002,Male,Alabama,8.1,Alabama,8.5,2003,Male,Alabama,8.7,2004,Female,Alabama,8.5,2004,Male,Alabama,7.3,2005,Female,Alabama,8.8,2005,Male,Alabama,10,2006,Female,Alabama,8.6,2006,Male,Alabama,10.7,2007,Female,Alabama,9.7,2007,Male,Alabama,10,2008,Female,Alabama,10,2008,Male,Alabama,11.3,2009,Female,Alabama,10.2,2009,Male,Alabama,11.8,2010,Female,Alabama,11.9,2010,Male,Alabama,10.8,2011,Female,Alabama,11.5,2011,Male,Alabama,10.5,Alabama,10.6,2012,Male,Alabama,11.8,Alabama,12.6,2013,Male,Alabama,12.9,2014,Female,Alabama,11.5,2014,Male,Alabama,12,Alabama,12.4,2015,Male,Alabama,11.8,2016,Female,Alabama,12.9,2016,Male,Alabama,13.6,2017,Female,Alabama,12.6,2017,Male,Alabama,12.6,2018,Female,Alabama,12.8,2018,Male,Alabama,12.7,2019,Female,Alabama,11.8,2019,Male,Alabama,12.7,2020,Female,Alabama,12.1,2020,Male,Alabama,14,2021,Female,Alabama,13.5,2021,Male,Alabama,13
2000,Female,Alaska,4.5,Alaska,4,2001,Female,Alaska,5.1,2001,Male,Alaska,4,2002,Female,Alaska,5.8,2002,Male,Alaska,3.5,Alaska,6.3,2003,Male,Alaska,5.3,2004,Female,Alaska,4.4,2004,Male,Alaska,4.4,2005,Female,Alaska,5.6,2005,Male,Alaska,5.8,2006,Female,Alaska,6.7,2006,Male,Alaska,7.4,2007,Female,Alaska,6.3,2007,Male,Alaska,6.9,2008,Female,Alaska,7.4,2008,Male,Alaska,7.3,2009,Female,Alaska,5.4,2009,Male,Alaska,7.7,2010,Female,Alaska,7.1,2010,Male,Alaska,4.8,2011,Female,Alaska,8.8,2011,Male,Alaska,8.1,Alaska,7.6,2012,Male,Alaska,6.9,Alaska,6.7,2013,Male,Alaska,7.9,2014,Female,Alaska,8.6,2014,Male,Alaska,6.7,Alaska,7.6,2015,Male,Alaska,8.1,2016,Female,Alaska,7.3,2016,Male,Alaska,8.2,2017,Female,Alaska,7.3,2017,Male,Alaska,8,2018,Female,Alaska,7.6,2018,Male,Alaska,9.8,2019,Female,Alaska,7.7,2019,Male,Alaska,6.7,2020,Female,Alaska,6.9,2020,Male,Alaska,8.1,2021,Female,Alaska,7.3,2021,Male,Alaska,8.7
2000,Female,Arizona,5.6,Arizona,6.2,2001,Female,Arizona,4.7,2001,Male,Arizona,6.2,2002,Female,Arizona,6.1,2002,Male,Arizona,6.8,Arizona,5.8,2003,Male,Arizona,6.6,2004,Female,Arizona,5.8,2004,Male,Arizona,7.4,2005,Female,Arizona,6.1,2005,Male,Arizona,8.7,2006,Female,Arizona,7.4,2006,Male,Arizona,9.2,2007,Female,Arizona,7.2,2007,Male,Arizona,9.4,2008,Female,Arizona,7.5,2008,Male,Arizona,8,2009,Female,Arizona,7.8,2009,Male,Arizona,8.5,2010,Female,Arizona,7.3,2010,Male,Arizona,7.8,2011,Female,Arizona,8.1,2011,Male,Arizona,9.9,Arizona,9.6,2012,Male,Arizona,10.6,Arizona,8.9,2013,Male,Arizona,10.7,2014,Female,Arizona,8.3,2014,Male,Arizona,10.1,Arizona,9.2,2015,Male,Arizona,9.1,2016,Female,Arizona,8.2,2016,Male,Arizona,11.3,2017,Female,Arizona,8.5,2017,Male,Arizona,10.3,2018,Female,Arizona,9.2,2018,Male,Arizona,9.9,2019,Female,Arizona,9.3,2019,Male,Arizona,10.4,2020,Female,Arizona,8.7,2020,Male,Arizona,11,2021,Female,Arizona,9.3,2021,Male,Arizona,10.1
2000,Female,Arkansas,5.8,Arkansas,5.9,2001,Female,Arkansas,6.6,2001,Male,Arkansas,5.9,2002,Female,Arkansas,7,2002,Male,Arkansas,8.2,Arkansas,6.9,2003,Male,Arkansas,7.3,2004,Female,Arkansas,6.4,2004,Male,Arkansas,7,2005,Female,Arkansas,7.4,2005,Male,Arkansas,8.3,2006,Female,Arkansas,7,2006,Male,Arkansas,8.6,2007,Female,Arkansas,8.8,2007,Male,Arkansas,8.8,2008,Female,Arkansas,7.8,2008,Male,Arkansas,10.3,2009,Female,Arkansas,8.6,2009,Male,Arkansas,10.4,2010,Female,Arkansas,8.7,2010,Male,Arkansas,9.3,2011,Female,Arkansas,9.6,2011,Male,Arkansas,11.1,Arkansas,10.5,2012,Male,Arkansas,10.2,Arkansas,9.3,2013,Male,Arkansas,11.8,2014,Female,Arkansas,11.3,2014,Male,Arkansas,11.9,Arkansas,12.3,2015,Male,Arkansas,10.3,2016,Female,Arkansas,12.3,2016,Male,Arkansas,11.9,2017,Female,Arkansas,11,2017,Male,Arkansas,10.8,2018,Female,Arkansas,11.8,2018,Male,Arkansas,13.1,2019,Female,Arkansas,12,2019,Male,Arkansas,12.3,2020,Female,Arkansas,12.4,2020,Male,Arkansas,11.1,2021,Female,Arkansas,10.5,2021,Male,Arkansas,11.3
2000,Female,California,6.1,California,8.3,2001,Female,California,7,2001,Male,California,8.3,2002,Female,California,7.3,2002,Male,California,8.7,California,7.5,2003,Male,California,7.6,2004,Female,California,6,2004,Male,California,9.1,2005,Female,California,6.8,2005,Male,California,8.1,2006,Female,California,7.4,2006,Male,California,9.7,2007,Female,California,7.5,2007,Male,California,8.4,2008,Female,California,8.1,2008,Male,California,9.5,2009,Female,California,8.4,2009,Male,California,10.2,2010,Female,California,8.3,2010,Male,California,9,2011,Female,California,7.8,2011,Male,California,9.1,California,8.8,2012,Male,California,10.4,California,9.6,2013,Male,California,10.3,2014,Female,California,9,2014,Male,California,10.9,California,8.7,2015,Male,California,10.7,2016,Female,California,9.1,2016,Male,California,10.3,2017,Female,California,9,2017,Male,California,10.6,2018,Female,California,9.3,2018,Male,California,10.2,2019,Female,California,8.8,2019,Male,California,10.2,2020,Female,California,8.7,2020,Male,California,9.8,2021,Female,California,10.8,2021,Male,California,11.1
2000,Female,Colorado,4.1,Colorado,6.4,2001,Female,Colorado,3.7,2001,Male,Colorado,6.4,2002,Female,Colorado,4.3,2002,Male,Colorado,5.2,Colorado,3.9,2003,Male,Colorado,6.3,2004,Female,Colorado,3.8,2004,Male,Colorado,5.5,2005,Female,Colorado,4.5,2005,Male,Colorado,5.8,2006,Female,Colorado,4.9,2006,Male,Colorado,6.4,2007,Female,Colorado,5.1,2007,Male,Colorado,6.3,2008,Female,Colorado,5.4,2008,Male,Colorado,7,2009,Female,Colorado,5.4,2009,Male,Colorado,6.5,2010,Female,Colorado,5.2,2010,Male,Colorado,7,2011,Female,Colorado,5.8,2011,Male,Colorado,7.6,Colorado,6.3,2012,Male,Colorado,8.2,Colorado,5.5,2013,Male,Colorado,7.1,2014,Female,Colorado,6.5,2014,Male,Colorado,7.4,Colorado,5.4,2015,Male,Colorado,7.5,2016,Female,Colorado,5.8,2016,Male,Colorado,6.7,2017,Female,Colorado,6.9,2017,Male,Colorado,7.3,2018,Female,Colorado,6.3,2018,Male,Colorado,7,2019,Female,Colorado,6.3,2019,Male,Colorado,6.9,2020,Female,Colorado,6.8,2020,Male,Colorado,7.6,2021,Female,Colorado,6.3,2021,Male,Colorado,6.6
2000,Female,Connecticut,4.8,Connecticut,5.9,2001,Female,Connecticut,5.5,2001,Male,Connecticut,5.9,2002,Female,Connecticut,5.4,2002,Male,Connecticut,5.9,Connecticut,5,2003,Male,Connecticut,6.4,2004,Female,Connecticut,5,2004,Male,Connecticut,6.5,2005,Female,Connecticut,6.2,2005,Male,Connecticut,6.1,2006,Female,Connecticut,6,2006,Male,Connecticut,6.3,2007,Female,Connecticut,5.8,2007,Male,Connecticut,8,2008,Female,Connecticut,6.4,2008,Male,Connecticut,6.3,2009,Female,Connecticut,4.9,2009,Male,Connecticut,7.5,2010,Female,Connecticut,6.1,2010,Male,Connecticut,7.5,2011,Female,Connecticut,7.6,2011,Male,Connecticut,9.4,Connecticut,6.6,2012,Male,Connecticut,9.9,Connecticut,6.4,2013,Male,Connecticut,8.5,2014,Female,Connecticut,7.7,2014,Male,Connecticut,8.5,Connecticut,7,2015,Male,Connecticut,9.3,2016,Female,Connecticut,8,2016,Male,Connecticut,9,2017,Female,Connecticut,7.6,2017,Male,Connecticut,9.4,2018,Female,Connecticut,7.2,2018,Male,Connecticut,9.7,2019,Female,Connecticut,7.5,2019,Male,Connecticut,9.2,2020,Female,Connecticut,7.2,2020,Male,Connecticut,9.3,2021,Female,Connecticut,8.3,2021,Male,Connecticut,10.5
2000,Female,Delaware,5.4,Delaware,7.6,2001,Female,Delaware,6.3,2001,Male,Delaware,7.6,2002,Female,Delaware,6.2,2002,Male,Delaware,7.9,Delaware,6.5,2003,Male,Delaware,8.4,2004,Female,Delaware,6.2,2004,Male,Delaware,7.8,2005,Female,Delaware,7.2,2005,Male,Delaware,9.7,2006,Female,Delaware,6.7,2006,Male,Delaware,8.9,2007,Female,Delaware,8.3,2007,Male,Delaware,8.4,2008,Female,Delaware,7.3,2008,Male,Delaware,8.5,2009,Female,Delaware,5.5,2009,Male,Delaware,9.8,2010,Female,Delaware,7.5,2010,Male,Delaware,8.5,2011,Female,Delaware,8.3,2011,Male,Delaware,9.5,Delaware,7.6,2012,Male,Delaware,10,Delaware,10,2013,Male,Delaware,9.9,2014,Female,Delaware,9.2,2014,Male,Delaware,10.5,Delaware,9.1,2015,Male,Delaware,10.9,2016,Female,Delaware,8.4,2016,Male,Delaware,9.9,2017,Female,Delaware,8.9,2017,Male,Delaware,10.4,2018,Female,Delaware,9,2018,Male,Delaware,11.4,2019,Female,Delaware,9.7,2019,Male,Delaware,12.3,2020,Female,Delaware,9.4,2020,Male,Delaware,11.8,2021,Female,Delaware,9.6,2021,Male,Delaware,10.5
2000,Female,District of Columbia,7.8,District of Columbia,7,2001,Female,District of Columbia,7,2001,Male,District of Columbia,7,2002,Female,District of Columbia,7.7,2002,Male,District of Columbia,8.7,District of Columbia,9.5,2003,Male,District of Columbia,7.9,2004,Female,District of Columbia,8.8,2004,Male,District of Columbia,9.5,2005,Female,District of Columbia,8,2005,Male,District of Columbia,7.2,2006,Female,District of Columbia,8.3,2006,Male,District of Columbia,8.8,2007,Female,District of Columbia,9,2007,Male,District of Columbia,7.8,2008,Female,District of Columbia,9.2,2008,Male,District of Columbia,7.5,2009,Female,District of Columbia,8,2009,Male,District of Columbia,7.7,2010,Female,District of Columbia,8.3,2010,Male,District of Columbia,7.9,2011,Female,District of Columbia,9,2011,Male,District of Columbia,10.1,District of Columbia,8.8,2012,Male,District of Columbia,9.1,District of Columbia,8.9,2013,Male,District of Columbia,7.7,2014,Female,District of Columbia,9.4,2014,Male,District of Columbia,9.1,District of Columbia,9.3,2015,Male,District of Columbia,9.4,2016,Female,District of Columbia,9.6,2016,Male,District of Columbia,7,2017,Female,District of Columbia,8.7,2017,Male,District of Columbia,7.7,2018,Female,District of Columbia,9.4,2018,Male,District of Columbia,9.1,2019,Female,District of Columbia,9.3,2019,Male,District of Columbia,9.6,2020,Female,District of Columbia,8.4,2020,Male,District of Columbia,8.2,2021,Female,District of Columbia,8.3,2021,Male,District of Columbia,8.3
2000,Female,Florida,5.9,Florida,6.6,2001,Female,Florida,6.2,2001,Male,Florida,6.6,2002,Female,Florida,6.6,2002,Male,Florida,7.4,Florida,6.9,2003,Male,Florida,8.7,2004,Female,Florida,6.9,2004,Male,Florida,7.3,2005,Female,Florida,7.6,2005,Male,Florida,8.4,2006,Female,Florida,6.3,2006,Male,Florida,9.1,2007,Female,Florida,6.9,2007,Male,Florida,8.6,2008,Female,Florida,7.4,2008,Male,Florida,9.6,2009,Female,Florida,8.8,2009,Male,Florida,10.6,2010,Female,Florida,7.4,2010,Male,Florida,10,2011,Female,Florida,8.2,2011,Male,Florida,9.9,Florida,8.9,2012,Male,Florida,11,Florida,8.4,2013,Male,Florida,10.5,2014,Female,Florida,9.7,2014,Male,Florida,9.2,Florida,8.9,2015,Male,Florida,9.8,2016,Female,Florida,9.1,2016,Male,Florida,10.6,2017,Female,Florida,8.5,2017,Male,Florida,8.8,2018,Female,Florida,9.4,2018,Male,Florida,11.7,2019,Female,Florida,8.4,2019,Male,Florida,10.6,2020,Female,Florida,9.1,2020,Male,Florida,9.8,2021,Female,Florida,No Data,2021,Male,Florida,No Data
2000,Female,Georgia,7.5,Georgia,6.8,2001,Female,Georgia,7.2,2001,Male,Georgia,6.8,2002,Female,Georgia,7.6,2002,Male,Georgia,7.3,Georgia,7.9,2003,Male,Georgia,8.8,2004,Female,Georgia,7.2,2004,Male,Georgia,8.7,2005,Female,Georgia,8.2,2005,Male,Georgia,9.7,2006,Female,Georgia,9,2006,Male,Georgia,10.6,2007,Female,Georgia,10.5,2007,Male,Georgia,11.2,2008,Female,Georgia,9.7,2008,Male,Georgia,10.8,2009,Female,Georgia,8.7,2009,Male,Georgia,11.4,2010,Female,Georgia,9.9,2010,Male,Georgia,9.8,2011,Female,Georgia,10.1,2011,Male,Georgia,10.5,Georgia,9.4,2012,Male,Georgia,10.1,Georgia,11,2013,Male,Georgia,9.8,2014,Female,Georgia,10.6,2014,Male,Georgia,11.5,Georgia,10.3,2015,Male,Georgia,11.2,2016,Female,Georgia,11.2,2016,Male,Georgia,11.7,2017,Female,Georgia,10.7,2017,Male,Georgia,10.6,2018,Female,Georgia,11.6,2018,Male,Georgia,11.8,2019,Female,Georgia,11.8,2019,Male,Georgia,10.6,2020,Female,Georgia,10.6,2020,Male,Georgia,11,2021,Female,Georgia,10.6,2021,Male,Georgia,12.3
2000,Female,Hawaii,4.4,Hawaii,6,2001,Female,Hawaii,5.2,2001,Male,Hawaii,6,2002,Female,Hawaii,6.1,2002,Male,Hawaii,4.9,Hawaii,7,2003,Male,Hawaii,7.3,2004,Female,Hawaii,No Data,2004,Male,Hawaii,No Data,2005,Female,Hawaii,6.2,2005,Male,Hawaii,7.8,2006,Female,Hawaii,7.5,2006,Male,Hawaii,7.9,2007,Female,Hawaii,6.7,2007,Male,Hawaii,7.7,2008,Female,Hawaii,7.7,2008,Male,Hawaii,7.7,2009,Female,Hawaii,8.2,2009,Male,Hawaii,7.6,2010,Female,Hawaii,6.9,2010,Male,Hawaii,8.3,2011,Female,Hawaii,7.6,2011,Male,Hawaii,8,Hawaii,6.7,2012,Male,Hawaii,7.3,Hawaii,7.2,2013,Male,Hawaii,7.7,2014,Female,Hawaii,8.2,2014,Male,Hawaii,9.6,Hawaii,7.3,2015,Male,Hawaii,8.2,2016,Female,Hawaii,8.9,2016,Male,Hawaii,10.4,2017,Female,Hawaii,10,2017,Male,Hawaii,9.8,2018,Female,Hawaii,9.2,2018,Male,Hawaii,11.4,2019,Female,Hawaii,8.5,2019,Male,Hawaii,10.2,2020,Female,Hawaii,8.5,2020,Male,Hawaii,10.6,2021,Female,Hawaii,7.2,2021,Male,Hawaii,9.1
2000,Female,Idaho,4.9,Idaho,4.7,2001,Female,Idaho,5.4,2001,Male,Idaho,4.7,2002,Female,Idaho,5.8,2002,Male,Idaho,6.7,Idaho,5.5,2003,Male,Idaho,7.2,2004,Female,Idaho,6.2,2004,Male,Idaho,6.2,2005,Female,Idaho,6.8,2005,Male,Idaho,7,2006,Female,Idaho,6.5,2006,Male,Idaho,7.2,2007,Female,Idaho,8.4,2007,Male,Idaho,7.3,2008,Female,Idaho,6.4,2008,Male,Idaho,7.6,2009,Female,Idaho,7.4,2009,Male,Idaho,8.1,2010,Female,Idaho,6.7,2010,Male,Idaho,8.8,2011,Female,Idaho,8,2011,Male,Idaho,10.1,Idaho,7.1,2012,Male,Idaho,8.6,Idaho,6.7,2013,Male,Idaho,9,2014,Female,Idaho,6.9,2014,Male,Idaho,7.3,Idaho,7.9,2015,Male,Idaho,6.8,2016,Female,Idaho,8.1,2016,Male,Idaho,8.2,2017,Female,Idaho,8.3,2017,Male,Idaho,7.7,2018,Female,Idaho,9.1,2018,Male,Idaho,9.3,2019,Female,Idaho,8.8,2019,Male,Idaho,9.8,2020,Female,Idaho,7.7,2020,Male,Idaho,8.2,2021,Female,Idaho,8.5,2021,Male,Idaho,9.1
2000,Female,Illinois,6.3,Illinois,5.9,2001,Female,Illinois,6.2,2001,Male,Illinois,5.9,2002,Female,Illinois,6.9,2002,Male,Illinois,6.8,Illinois,7.2,2003,Male,Illinois,7.7,2004,Female,Illinois,5.8,2004,Male,Illinois,6.4,2005,Female,Illinois,7.5,2005,Male,Illinois,8.5,2006,Female,Illinois,7.2,2006,Male,Illinois,9.1,2007,Female,Illinois,7.5,2007,Male,Illinois,10.1,2008,Female,Illinois,7.3,2008,Male,Illinois,9.1,2009,Female,Illinois,8.1,2009,Male,Illinois,7.8,2010,Female,Illinois,8.3,2010,Male,Illinois,8.8,2011,Female,Illinois,8,2011,Male,Illinois,10.9,Illinois,7.8,2012,Male,Illinois,10.1,Illinois,9.2,2013,Male,Illinois,9.3,2014,Female,Illinois,8.6,2014,Male,Illinois,10.3,Illinois,8.1,2015,Male,Illinois,10.3,2016,Female,Illinois,9.6,2016,Male,Illinois,9.5,2017,Female,Illinois,9.5,2017,Male,Illinois,10.8,2018,Female,Illinois,8.9,2018,Male,Illinois,9,2019,Female,Illinois,9.5,2019,Male,Illinois,10.6,2020,Female,Illinois,8.3,2020,Male,Illinois,10.4,2021,Female,Illinois,9.1,2021,Male,Illinois,10.5
2000,Female,Indiana,6.2,Indiana,5.8,2001,Female,Indiana,6.4,2001,Male,Indiana,5.8,2002,Female,Indiana,7.3,2002,Male,Indiana,7.6,Indiana,7.1,2003,Male,Indiana,8.4,2004,Female,Indiana,7,2004,Male,Indiana,8.3,2005,Female,Indiana,7.2,2005,Male,Indiana,9.1,2006,Female,Indiana,7.8,2006,Male,Indiana,8.1,2007,Female,Indiana,7.5,2007,Male,Indiana,8.8,2008,Female,Indiana,9.4,2008,Male,Indiana,9,2009,Female,Indiana,8.1,2009,Male,Indiana,9.9,2010,Female,Indiana,8.2,2010,Male,Indiana,10.5,2011,Female,Indiana,9.4,2011,Male,Indiana,10,Indiana,9.6,2012,Male,Indiana,10.6,Indiana,9.2,2013,Male,Indiana,10.9,2014,Female,Indiana,9.2,2014,Male,Indiana,10.6,Indiana,9.6,2015,Male,Indiana,11.5,2016,Female,Indiana,10.1,2016,Male,Indiana,10.8,2017,Female,Indiana,9.9,2017,Male,Indiana,11.5,2018,Female,Indiana,10,2018,Male,Indiana,12.5,2019,Female,Indiana,10,2019,Male,Indiana,12.4,2020,Female,Indiana,10.4,2020,Male,Indiana,10.7,2021,Female,Indiana,10,2021,Male,Indiana,11.7
2000,Female,Iowa,5.4,Iowa,6,2001,Female,Iowa,5,2001,Male,Iowa,6,2002,Female,Iowa,6,2002,Male,Iowa,6.4,Iowa,5.6,2003,Male,Iowa,6.9,2004,Female,Iowa,5.6,2004,Male,Iowa,6.3,2005,Female,Iowa,4.9,2005,Male,Iowa,7.9,2006,Female,Iowa,5.9,2006,Male,Iowa,7.6,2007,Female,Iowa,5.9,2007,Male,Iowa,6.5,2008,Female,Iowa,5.8,2008,Male,Iowa,7.1,2009,Female,Iowa,6.2,2009,Male,Iowa,7.8,2010,Female,Iowa,6.4,2010,Male,Iowa,7.3,2011,Female,Iowa,6.8,2011,Male,Iowa,7.8,Iowa,7.8,2012,Male,Iowa,9.6,Iowa,8.2,2013,Male,Iowa,8.5,2014,Female,Iowa,7.6,2014,Male,Iowa,9.3,Iowa,6.7,2015,Male,Iowa,8.7,2016,Female,Iowa,8.1,2016,Male,Iowa,8.2,2017,Female,Iowa,8.2,2017,Male,Iowa,8.5,2018,Female,Iowa,8.4,2018,Male,Iowa,9.1,2019,Female,Iowa,8.1,2019,Male,Iowa,10.1,2020,Female,Iowa,8.9,2020,Male,Iowa,9.1,2021,Female,Iowa,7.6,2021,Male,Iowa,9.6
2000,Female,Kansas,5.1,Kansas,6.3,2001,Female,Kansas,5.6,2001,Male,Kansas,6.3,2002,Female,Kansas,6.5,2002,Male,Kansas,6.4,Kansas,5.8,2003,Male,Kansas,6,2004,Female,Kansas,6.6,2004,Male,Kansas,6.2,2005,Female,Kansas,6,2005,Male,Kansas,7.6,2006,Female,Kansas,6.6,2006,Male,Kansas,7.6,2007,Female,Kansas,6.2,2007,Male,Kansas,7.8,2008,Female,Kansas,7.1,2008,Male,Kansas,8.5,2009,Female,Kansas,7.5,2009,Male,Kansas,8.8,2010,Female,Kansas,7.5,2010,Male,Kansas,8.5,2011,Female,Kansas,8.3,2011,Male,Kansas,9.8,Kansas,8.2,2012,Male,Kansas,9.4,Kansas,8.4,2013,Male,Kansas,9.4,2014,Female,Kansas,9.3,2014,Male,Kansas,9.8,Kansas,8.6,2015,Male,Kansas,9.2,2016,Female,Kansas,7.7,2016,Male,Kansas,9.4,2017,Female,Kansas,9.1,2017,Male,Kansas,10,2018,Female,Kansas,10.3,2018,Male,Kansas,10.7,2019,Female,Kansas,9.1,2019,Male,Kansas,10.5,2020,Female,Kansas,9.8,2020,Male,Kansas,10.3,2021,Female,Kansas,9.7,2021,Male,Kansas,10.4
2000,Female,Kentucky,5.7,Kentucky,7,2001,Female,Kentucky,6.1,2001,Male,Kentucky,7,2002,Female,Kentucky,6.1,2002,Male,Kentucky,7.9,Kentucky,6.9,2003,Male,Kentucky,9.9,2004,Female,Kentucky,7.6,2004,Male,Kentucky,7.4,2005,Female,Kentucky,8.3,2005,Male,Kentucky,8.9,2006,Female,Kentucky,8.2,2006,Male,Kentucky,11,2007,Female,Kentucky,9,2007,Male,Kentucky,9.9,2008,Female,Kentucky,9.7,2008,Male,Kentucky,9.2,2009,Female,Kentucky,10.5,2009,Male,Kentucky,11.6,2010,Female,Kentucky,8.9,2010,Male,Kentucky,9.8,2011,Female,Kentucky,10.1,2011,Male,Kentucky,10,Kentucky,9.6,2012,Male,Kentucky,10,Kentucky,9.5,2013,Male,Kentucky,10.1,2014,Female,Kentucky,11.3,2014,Male,Kentucky,11.4,Kentucky,11.1,2015,Male,Kentucky,13.3,2016,Female,Kentucky,10.8,2016,Male,Kentucky,12.9,2017,Female,Kentucky,11,2017,Male,Kentucky,11.8,2018,Female,Kentucky,11.7,2018,Male,Kentucky,12.5,2019,Female,Kentucky,11.2,2019,Male,Kentucky,12.4,2020,Female,Kentucky,10.7,2020,Male,Kentucky,12.1,2021,Female,Kentucky,11.5,2021,Male,Kentucky,13.2
2000,Female,Louisiana,7.2,Louisiana,6.1,2001,Female,Louisiana,8,2001,Male,Louisiana,6.1,2002,Female,Louisiana,6.9,2002,Male,Louisiana,7.6,Louisiana,8.6,2003,Male,Louisiana,8.5,2004,Female,Louisiana,8.2,2004,Male,Louisiana,8.4,2005,Female,Louisiana,8.8,2005,Male,Louisiana,9.5,2006,Female,Louisiana,9.2,2006,Male,Louisiana,8.7,2007,Female,Louisiana,9.7,2007,Male,Louisiana,10.3,2008,Female,Louisiana,10.1,2008,Male,Louisiana,10.5,2009,Female,Louisiana,9.9,2009,Male,Louisiana,11.7,2010,Female,Louisiana,10.1,2010,Male,Louisiana,9.6,2011,Female,Louisiana,10.7,2011,Male,Louisiana,12.3,Louisiana,11.8,2012,Male,Louisiana,11.3,Louisiana,11.6,2013,Male,Louisiana,10,2014,Female,Louisiana,9.8,2014,Male,Louisiana,11.1,Louisiana,11.5,2015,Male,Louisiana,12.3,2016,Female,Louisiana,11.7,2016,Male,Louisiana,10.4,2017,Female,Louisiana,13.2,2017,Male,Louisiana,12.1,2018,Female,Louisiana,13.1,2018,Male,Louisiana,12.6,2019,Female,Louisiana,10.7,2019,Male,Louisiana,12.2,2020,Female,Louisiana,12.9,2020,Male,Louisiana,12.4,2021,Female,Louisiana,12.3,2021,Male,Louisiana,12.6
2000,Female,Maine,5,Maine,6.8,2001,Female,Maine,5.9,2001,Male,Maine,6.8,2002,Female,Maine,6.5,2002,Male,Maine,7.4,Maine,6.1,2003,Male,Maine,7.7,2004,Female,Maine,5.3,2004,Male,Maine,8.9,2005,Female,Maine,6.4,2005,Male,Maine,7.3,2006,Female,Maine,5.8,2006,Male,Maine,6.8,2007,Female,Maine,6.3,2007,Male,Maine,8,2008,Female,Maine,5.7,2008,Male,Maine,9.4,2009,Female,Maine,6.8,2009,Male,Maine,7.8,2010,Female,Maine,7.2,2010,Male,Maine,8.1,2011,Female,Maine,7.5,2011,Male,Maine,9.3,Maine,7.9,2012,Male,Maine,8.6,Maine,7.3,2013,Male,Maine,9.1,2014,Female,Maine,7.1,2014,Male,Maine,8.6,Maine,8.1,2015,Male,Maine,8.4,2016,Female,Maine,7.8,2016,Male,Maine,9.4,2017,Female,Maine,7.1,2017,Male,Maine,10.5,2018,Female,Maine,7.9,2018,Male,Maine,9.4,2019,Female,Maine,8,2019,Male,Maine,9.5,2020,Female,Maine,7.1,2020,Male,Maine,9.6,2021,Female,Maine,6.4,2021,Male,Maine,10.1
2000,Female,Maryland,5.8,Maryland,7.4,2001,Female,Maryland,6.6,2001,Male,Maryland,7.4,2002,Female,Maryland,5.6,2002,Male,Maryland,8.7,Maryland,7,2003,Male,Maryland,7.2,2004,Female,Maryland,7.2,2004,Male,Maryland,7.4,2005,Female,Maryland,7.1,2005,Male,Maryland,7.2,2006,Female,Maryland,7,2006,Male,Maryland,8.8,2007,Female,Maryland,7.6,2007,Male,Maryland,8.8,2008,Female,Maryland,7.7,2008,Male,Maryland,9.2,2009,Female,Maryland,8,2009,Male,Maryland,10.2,2010,Female,Maryland,8.6,2010,Male,Maryland,9.3,2011,Female,Maryland,8.5,2011,Male,Maryland,9.6,Maryland,9.3,2012,Male,Maryland,9.7,Maryland,9.2,2013,Male,Maryland,9.2,2014,Female,Maryland,8.6,2014,Male,Maryland,9.9,Maryland,8.6,2015,Male,Maryland,10.4,2016,Female,Maryland,9,2016,Male,Maryland,10.8,2017,Female,Maryland,8.8,2017,Male,Maryland,10.2,2018,Female,Maryland,10.1,2018,Male,Maryland,11.5,2019,Female,Maryland,9.2,2019,Male,Maryland,10.5,2020,Female,Maryland,8.6,2020,Male,Maryland,9.7,2021,Female,Maryland,9,2021,Male,Maryland,10.7
2000,Female,Massachusetts,5.3,Massachusetts,6.3,2001,Female,Massachusetts,4.8,2001,Male,Massachusetts,6.3,2002,Female,Massachusetts,5.1,2002,Male,Massachusetts,6.6,Massachusetts,5.2,2003,Male,Massachusetts,6.9,2004,Female,Massachusetts,4.8,2004,Male,Massachusetts,6.3,2005,Female,Massachusetts,5.6,2005,Male,Massachusetts,6.9,2006,Female,Massachusetts,5.4,2006,Male,Massachusetts,7,2007,Female,Massachusetts,6.9,2007,Male,Massachusetts,7.4,2008,Female,Massachusetts,5.9,2008,Male,Massachusetts,7.9,2009,Female,Massachusetts,6.3,2009,Male,Massachusetts,8.7,2010,Female,Massachusetts,6.3,2010,Male,Massachusetts,7.8,2011,Female,Massachusetts,6.8,2011,Male,Massachusetts,8.4,Massachusetts,7,2012,Male,Massachusetts,8.5,Massachusetts,7.2,2013,Male,Massachusetts,8.4,2014,Female,Massachusetts,7.1,2014,Male,Massachusetts,10.7,Massachusetts,7.2,2015,Male,Massachusetts,8.8,2016,Female,Massachusetts,7.6,2016,Male,Massachusetts,8.9,2017,Female,Massachusetts,8.1,2017,Male,Massachusetts,8.7,2018,Female,Massachusetts,6.1,2018,Male,Massachusetts,9.4,2019,Female,Massachusetts,6.5,2019,Male,Massachusetts,8.4,2020,Female,Massachusetts,7.2,2020,Male,Massachusetts,8.2,2021,Female,Massachusetts,7.4,2021,Male,Massachusetts,8.2
2000,Female,Michigan,6.6,Michigan,7.7,2001,Female,Michigan,7.2,2001,Male,Michigan,7.7,2002,Female,Michigan,7.7,2002,Male,Michigan,8.2,Michigan,7.8,2003,Male,Michigan,7.7,2004,Female,Michigan,7.7,2004,Male,Michigan,7.5,2005,Female,Michigan,7.3,2005,Male,Michigan,8.5,2006,Female,Michigan,7.8,2006,Male,Michigan,9.7,2007,Female,Michigan,7.6,2007,Male,Michigan,9.5,2008,Female,Michigan,7.4,2008,Male,Michigan,10,2009,Female,Michigan,8.3,2009,Male,Michigan,9.5,2010,Female,Michigan,8.1,2010,Male,Michigan,11.1,2011,Female,Michigan,8.7,2011,Male,Michigan,9.7,Michigan,8.3,2012,Male,Michigan,10.6,Michigan,8.5,2013,Male,Michigan,10.2,2014,Female,Michigan,8.2,2014,Male,Michigan,10,Michigan,8.8,2015,Male,Michigan,10.4,2016,Female,Michigan,8.8,2016,Male,Michigan,10.9,2017,Female,Michigan,9.3,2017,Male,Michigan,9.8,2018,Female,Michigan,9.3,2018,Male,Michigan,11.2,2019,Female,Michigan,9,2019,Male,Michigan,10.1,2020,Female,Michigan,9.6,2020,Male,Michigan,11.8,2021,Female,Michigan,8.7,2021,Male,Michigan,10.1
2000,Female,Minnesota,4.9,Minnesota,5,2001,Female,Minnesota,4,2001,Male,Minnesota,5,2002,Female,Minnesota,4.9,2002,Male,Minnesota,4.9,Minnesota,4.7,2003,Male,Minnesota,6.3,2004,Female,Minnesota,4.6,2004,Male,Minnesota,5.7,2005,Female,Minnesota,4.1,2005,Male,Minnesota,7.5,2006,Female,Minnesota,4.5,2006,Male,Minnesota,6.9,2007,Female,Minnesota,4.5,2007,Male,Minnesota,6.8,2008,Female,Minnesota,5.5,2008,Male,Minnesota,6,2009,Female,Minnesota,5,2009,Male,Minnesota,7.3,2010,Female,Minnesota,5.3,2010,Male,Minnesota,7.6,2011,Female,Minnesota,6.2,2011,Male,Minnesota,7.7,Minnesota,6,2012,Male,Minnesota,7.7,Minnesota,6.2,2013,Male,Minnesota,7.5,2014,Female,Minnesota,6.6,2014,Male,Minnesota,8.4,Minnesota,6.3,2015,Male,Minnesota,7.6,2016,Female,Minnesota,6.7,2016,Male,Minnesota,8.5,2017,Female,Minnesota,5.7,2017,Male,Minnesota,8.3,2018,Female,Minnesota,7,2018,Male,Minnesota,9,2019,Female,Minnesota,7.3,2019,Male,Minnesota,8.4,2020,Female,Minnesota,6.8,2020,Male,Minnesota,8.8,2021,Female,Minnesota,7,2021,Male,Minnesota,9
2000,Female,Mississippi,8,Mississippi,7.9,2001,Female,Mississippi,9.3,2001,Male,Mississippi,7.9,2002,Female,Mississippi,8.2,2002,Male,Mississippi,9.3,Mississippi,11.1,2003,Male,Mississippi,10.9,2004,Female,Mississippi,10.3,2004,Male,Mississippi,8.6,2005,Female,Mississippi,10.2,2005,Male,Mississippi,9,2006,Female,Mississippi,10.4,2006,Male,Mississippi,10.9,2007,Female,Mississippi,10.5,2007,Male,Mississippi,11.4,2008,Female,Mississippi,10.8,2008,Male,Mississippi,11.1,2009,Female,Mississippi,10.8,2009,Male,Mississippi,10.9,2010,Female,Mississippi,11.6,2010,Male,Mississippi,11.9,2011,Female,Mississippi,12.2,2011,Male,Mississippi,11.1,Mississippi,12,2012,Male,Mississippi,11.5,Mississippi,12.5,2013,Male,Mississippi,11.6,2014,Female,Mississippi,12,2014,Male,Mississippi,11.8,Mississippi,13,2015,Male,Mississippi,14.2,2016,Female,Mississippi,12.5,2016,Male,Mississippi,12.4,2017,Female,Mississippi,12.6,2017,Male,Mississippi,13,2018,Female,Mississippi,13.7,2018,Male,Mississippi,12.1,2019,Female,Mississippi,13.5,2019,Male,Mississippi,13.1,2020,Female,Mississippi,13.1,2020,Male,Mississippi,13.1,2021,Female,Mississippi,14.1,2021,Male,Mississippi,13.3
2000,Female,Missouri,5.3,Missouri,7.8,2001,Female,Missouri,5.6,2001,Male,Missouri,7.8,2002,Female,Missouri,7.1,2002,Male,Missouri,7.2,Missouri,6,2003,Male,Missouri,7.4,2004,Female,Missouri,7.1,2004,Male,Missouri,7,2005,Female,Missouri,7.2,2005,Male,Missouri,7.9,2006,Female,Missouri,6.4,2006,Male,Missouri,7.5,2007,Female,Missouri,7.4,2007,Male,Missouri,7.8,2008,Female,Missouri,7.3,2008,Male,Missouri,10.3,2009,Female,Missouri,7,2009,Male,Missouri,7.9,2010,Female,Missouri,8.2,2010,Male,Missouri,9.2,2011,Female,Missouri,9.1,2011,Male,Missouri,9.8,Missouri,8.9,2012,Male,Missouri,10.5,Missouri,9,2013,Male,Missouri,8.4,2014,Female,Missouri,9.6,2014,Male,Missouri,10.7,Missouri,9.6,2015,Male,Missouri,11.1,2016,Female,Missouri,9.6,2016,Male,Missouri,11,2017,Female,Missouri,8.7,2017,Male,Missouri,9.6,2018,Female,Missouri,8.2,2018,Male,Missouri,12.2,2019,Female,Missouri,8.6,2019,Male,Missouri,9.4,2020,Female,Missouri,8.5,2020,Male,Missouri,10.4,2021,Female,Missouri,8.5,2021,Male,Missouri,11.4
2000,Female,Montana,4.7,Montana,4.3,2001,Female,Montana,5.7,2001,Male,Montana,4.3,2002,Female,Montana,5.2,2002,Male,Montana,5.5,Montana,4.9,2003,Male,Montana,5.4,2004,Female,Montana,4.8,2004,Male,Montana,6.4,2005,Female,Montana,5.2,2005,Male,Montana,5.2,2006,Female,Montana,5.5,2006,Male,Montana,6.3,2007,Female,Montana,6.2,2007,Male,Montana,6,2008,Female,Montana,5.7,2008,Male,Montana,6.1,2009,Female,Montana,6.2,2009,Male,Montana,6.1,2010,Female,Montana,4.9,2010,Male,Montana,7.8,2011,Female,Montana,6.8,2011,Male,Montana,7.3,Montana,5.7,2012,Male,Montana,6.8,Montana,6,2013,Male,Montana,7.5,2014,Female,Montana,7.4,2014,Male,Montana,8,Montana,6.5,2015,Male,Montana,7.1,2016,Female,Montana,6.7,2016,Male,Montana,7.2,2017,Female,Montana,6.5,2017,Male,Montana,6.9,2018,Female,Montana,7.1,2018,Male,Montana,9.1,2019,Female,Montana,6.3,2019,Male,Montana,6.5,2020,Female,Montana,7.5,2020,Male,Montana,8.1,2021,Female,Montana,7.2,2021,Male,Montana,8
2000,Female,Nebraska,4.3,Nebraska,5.5,2001,Female,Nebraska,5,2001,Male,Nebraska,5.5,2002,Female,Nebraska,5.1,2002,Male,Nebraska,6.3,Nebraska,5,2003,Male,Nebraska,7.3,2004,Female,Nebraska,5.8,2004,Male,Nebraska,6.5,2005,Female,Nebraska,6.4,2005,Male,Nebraska,7.8,2006,Female,Nebraska,7.2,2006,Male,Nebraska,7,2007,Female,Nebraska,6,2007,Male,Nebraska,7.7,2008,Female,Nebraska,6.7,2008,Male,Nebraska,8.1,2009,Female,Nebraska,6.5,2009,Male,Nebraska,7.5,2010,Female,Nebraska,6.4,2010,Male,Nebraska,8.1,2011,Female,Nebraska,7.3,2011,Male,Nebraska,8.3,Nebraska,7.1,2012,Male,Nebraska,7.9,Nebraska,7.4,2013,Male,Nebraska,9.6,2014,Female,Nebraska,7.7,2014,Male,Nebraska,9.2,Nebraska,7.7,2015,Male,Nebraska,8.5,2016,Female,Nebraska,7.9,2016,Male,Nebraska,8.3,2017,Female,Nebraska,8.8,2017,Male,Nebraska,9.8,2018,Female,Nebraska,8.1,2018,Male,Nebraska,9.6,2019,Female,Nebraska,8.3,2019,Male,Nebraska,10.1,2020,Female,Nebraska,8.3,2020,Male,Nebraska,9.7,2021,Female,Nebraska,8,2021,Male,Nebraska,9.3
2000,Female,Nevada,4.1,Nevada,9.3,2001,Female,Nevada,5.8,2001,Male,Nevada,9.3,2002,Female,Nevada,5.3,2002,Male,Nevada,7.4,Nevada,5.1,2003,Male,Nevada,8,2004,Female,Nevada,5.6,2004,Male,Nevada,7.4,2005,Female,Nevada,7,2005,Male,Nevada,7.4,2006,Female,Nevada,6.4,2006,Male,Nevada,8.8,2007,Female,Nevada,7.7,2007,Male,Nevada,8.5,2008,Female,Nevada,7.7,2008,Male,Nevada,9.6,2009,Female,Nevada,7.2,2009,Male,Nevada,8.7,2010,Female,Nevada,7.1,2010,Male,Nevada,9.9,2011,Female,Nevada,8.8,2011,Male,Nevada,11.4,Nevada,8.3,2012,Male,Nevada,8.7,Nevada,8,2013,Male,Nevada,10.2,2014,Female,Nevada,8.3,2014,Male,Nevada,9.6,Nevada,8.1,2015,Male,Nevada,10.1,2016,Female,Nevada,10.5,2016,Male,Nevada,9.8,2017,Female,Nevada,9.5,2017,Male,Nevada,9.4,2018,Female,Nevada,9.4,2018,Male,Nevada,9.9,2019,Female,Nevada,9.6,2019,Male,Nevada,10.3,2020,Female,Nevada,8.6,2020,Male,Nevada,10.9,2021,Female,Nevada,9.8,2021,Male,Nevada,10.6
2000,Female,New Hampshire,4,New Hampshire,5.3,2001,Female,New Hampshire,4.7,2001,Male,New Hampshire,5.3,2002,Female,New Hampshire,5.5,2002,Male,New Hampshire,7.2,New Hampshire,5.4,2003,Male,New Hampshire,5.7,2004,Female,New Hampshire,6,2004,Male,New Hampshire,6.9,2005,Female,New Hampshire,5.9,2005,Male,New Hampshire,6.9,2006,Female,New Hampshire,6.2,2006,Male,New Hampshire,8.3,2007,Female,New Hampshire,6.2,2007,Male,New Hampshire,7.2,2008,Female,New Hampshire,6.8,2008,Male,New Hampshire,7,2009,Female,New Hampshire,5.8,2009,Male,New Hampshire,7.4,2010,Female,New Hampshire,5.5,2010,Male,New Hampshire,9.4,2011,Female,New Hampshire,6.5,2011,Male,New Hampshire,9.3,New Hampshire,6.8,2012,Male,New Hampshire,9,New Hampshire,7,2013,Male,New Hampshire,9.4,2014,Female,New Hampshire,7.5,2014,Male,New Hampshire,8.4,New Hampshire,6.4,2015,Male,New Hampshire,7.2,2016,Female,New Hampshire,6.4,2016,Male,New Hampshire,9.2,2017,Female,New Hampshire,5.9,2017,Male,New Hampshire,8.3,2018,Female,New Hampshire,7.6,2018,Male,New Hampshire,9.8,2019,Female,New Hampshire,7.1,2019,Male,New Hampshire,9,2020,Female,New Hampshire,6.9,2020,Male,New Hampshire,8.1,2021,Female,New Hampshire,6.2,2021,Male,New Hampshire,8.4
2000,Female,New Jersey,4.9,New Jersey,6.5,2001,Female,New Jersey,6.5,2001,Male,New Jersey,6.5,2002,Female,New Jersey,5.9,2002,Male,New Jersey,6.1,New Jersey,6,2003,Male,New Jersey,7.9,2004,Female,New Jersey,5.9,2004,Male,New Jersey,7.4,2005,Female,New Jersey,6.7,2005,Male,New Jersey,8.1,2006,Female,New Jersey,6.5,2006,Male,New Jersey,8,2007,Female,New Jersey,8.5,2007,Male,New Jersey,9.2,2008,Female,New Jersey,7.6,2008,Male,New Jersey,8.4,2009,Female,New Jersey,7.3,2009,Male,New Jersey,9.3,2010,Female,New Jersey,7.7,2010,Male,New Jersey,9.4,2011,Female,New Jersey,7.2,2011,Male,New Jersey,9.2,New Jersey,7.6,2012,Male,New Jersey,9.4,New Jersey,7.1,2013,Male,New Jersey,9.4,2014,Female,New Jersey,8,2014,Male,New Jersey,9.5,New Jersey,6.9,2015,Male,New Jersey,9.1,2016,Female,New Jersey,7.3,2016,Male,New Jersey,9,2017,Female,New Jersey,8.8,2017,Male,New Jersey,11,2018,Female,New Jersey,9.5,2018,Male,New Jersey,9.5,2019,Female,New Jersey,No Data,2019,Male,New Jersey,No Data,2020,Female,New Jersey,7.4,2020,Male,New Jersey,10.1,2021,Female,New Jersey,7.8,2021,Male,New Jersey,9.8
2000,Female,New Mexico,6.6,New Mexico,6.6,2001,Female,New Mexico,6.3,2001,Male,New Mexico,6.6,2002,Female,New Mexico,6,2002,Male,New Mexico,6.2,New Mexico,5.6,2003,Male,New Mexico,5.6,2004,Female,New Mexico,5.9,2004,Male,New Mexico,7,2005,Female,New Mexico,6.6,2005,Male,New Mexico,7.5,2006,Female,New Mexico,7.2,2006,Male,New Mexico,7,2007,Female,New Mexico,7.5,2007,Male,New Mexico,7.5,2008,Female,New Mexico,7,2008,Male,New Mexico,8.1,2009,Female,New Mexico,8,2009,Male,New Mexico,8.5,2010,Female,New Mexico,8,2010,Male,New Mexico,8.1,2011,Female,New Mexico,9,2011,Male,New Mexico,9.7,New Mexico,8.8,2012,Male,New Mexico,10.1,New Mexico,9.6,2013,Male,New Mexico,10,2014,Female,New Mexico,9.9,2014,Male,New Mexico,11.1,New Mexico,10.4,2015,Male,New Mexico,10.5,2016,Female,New Mexico,9.8,2016,Male,New Mexico,11.1,2017,Female,New Mexico,8.5,2017,Male,New Mexico,10.9,2018,Female,New Mexico,11.5,2018,Male,New Mexico,10.9,2019,Female,New Mexico,11,2019,Male,New Mexico,11,2020,Female,New Mexico,9.9,2020,Male,New Mexico,12.2,2021,Female,New Mexico,12.1,2021,Male,New Mexico,11.6
2000,Female,New York,5.7,New York,6.8,2001,Female,New York,6.4,2001,Male,New York,6.8,2002,Female,New York,6.8,2002,Male,New York,7.5,New York,7.1,2003,Male,New York,7.5,2004,Female,New York,6.3,2004,Male,New York,8.6,2005,Female,New York,7.2,2005,Male,New York,8.7,2006,Female,New York,6.2,2006,Male,New York,8.8,2007,Female,New York,7.5,2007,Male,New York,8.3,2008,Female,New York,7.4,2008,Male,New York,8.8,2009,Female,New York,7.4,2009,Male,New York,9.6,2010,Female,New York,7.3,2010,Male,New York,9.7,2011,Female,New York,9.2,2011,Male,New York,10.4,New York,7.7,2012,Male,New York,10.6,New York,9.8,2013,Male,New York,9.6,2014,Female,New York,8.4,2014,Male,New York,10.1,New York,8.1,2015,Male,New York,9.9,2016,Female,New York,8.8,2016,Male,New York,10.3,2017,Female,New York,8.8,2017,Male,New York,10.2,2018,Female,New York,8.8,2018,Male,New York,11.1,2019,Female,New York,8.8,2019,Male,New York,9.9,2020,Female,New York,8.5,2020,Male,New York,9.9,2021,Female,New York,9.1,2021,Male,New York,11.2
2000,Female,North Carolina,6.3,North Carolina,6.6,2001,Female,North Carolina,6.1,2001,Male,North Carolina,6.6,2002,Female,North Carolina,7.6,2002,Male,North Carolina,7,North Carolina,7.7,2003,Male,North Carolina,8.7,2004,Female,North Carolina,8.3,2004,Male,North Carolina,8.6,2005,Female,North Carolina,8,2005,Male,North Carolina,8.9,2006,Female,North Carolina,9.1,2006,Male,North Carolina,9.1,2007,Female,North Carolina,8.4,2007,Male,North Carolina,9.6,2008,Female,North Carolina,8.9,2008,Male,North Carolina,9.4,2009,Female,North Carolina,9.4,2009,Male,North Carolina,9.1,2010,Female,North Carolina,9.3,2010,Male,North Carolina,9.5,2011,Female,North Carolina,9.8,2011,Male,North Carolina,10.7,North Carolina,9.1,2012,Male,North Carolina,10.5,North Carolina,10.2,2013,Male,North Carolina,11,2014,Female,North Carolina,9.7,2014,Male,North Carolina,10.1,North Carolina,9.8,2015,Male,North Carolina,9.5,2016,Female,North Carolina,10.3,2016,Male,North Carolina,9.8,2017,Female,North Carolina,10.1,2017,Male,North Carolina,10.7,2018,Female,North Carolina,10.3,2018,Male,North Carolina,11.7,2019,Female,North Carolina,11.2,2019,Male,North Carolina,9.9,2020,Female,North Carolina,10.7,2020,Male,North Carolina,11.3,2021,Female,North Carolina,11.1,2021,Male,North Carolina,11
2000,Female,North Dakota,4.8,North Dakota,5.2,2001,Female,North Dakota,5.1,2001,Male,North Dakota,5.2,2002,Female,North Dakota,5.8,2002,Male,North Dakota,6.1,North Dakota,5.7,2003,Male,North Dakota,5.7,2004,Female,North Dakota,4.8,2004,Male,North Dakota,6.1,2005,Female,North Dakota,5.9,2005,Male,North Dakota,6.4,2006,Female,North Dakota,5.4,2006,Male,North Dakota,7.3,2007,Female,North Dakota,5.6,2007,Male,North Dakota,6.1,2008,Female,North Dakota,6.4,2008,Male,North Dakota,7.8,2009,Female,North Dakota,6.1,2009,Male,North Dakota,7.9,2010,Female,North Dakota,5.5,2010,Male,North Dakota,8.4,2011,Female,North Dakota,6.9,2011,Male,North Dakota,8.5,North Dakota,7,2012,Male,North Dakota,8.6,North Dakota,6.9,2013,Male,North Dakota,9.5,2014,Female,North Dakota,7,2014,Male,North Dakota,9,North Dakota,7.9,2015,Male,North Dakota,8.3,2016,Female,North Dakota,7,2016,Male,North Dakota,9.3,2017,Female,North Dakota,7.9,2017,Male,North Dakota,9.1,2018,Female,North Dakota,8.1,2018,Male,North Dakota,9.6,2019,Female,North Dakota,7.3,2019,Male,North Dakota,9.1,2020,Female,North Dakota,8.5,2020,Male,North Dakota,10.1,2021,Female,North Dakota,6.9,2021,Male,North Dakota,10.8
2000,Female,Ohio,5.7,Ohio,6.7,2001,Female,Ohio,6.4,2001,Male,Ohio,6.7,2002,Female,Ohio,7.6,2002,Male,Ohio,7.5,Ohio,8.3,2003,Male,Ohio,9,2004,Female,Ohio,6.8,2004,Male,Ohio,8.4,2005,Female,Ohio,6.7,2005,Male,Ohio,7.9,2006,Female,Ohio,6,2006,Male,Ohio,6.9,2007,Female,Ohio,8.5,2007,Male,Ohio,9.6,2008,Female,Ohio,8.7,2008,Male,Ohio,10.1,2009,Female,Ohio,9,2009,Male,Ohio,10,2010,Female,Ohio,8.7,2010,Male,Ohio,10.1,2011,Female,Ohio,8.6,2011,Male,Ohio,9.6,Ohio,9.6,2012,Male,Ohio,11.6,Ohio,8.8,2013,Male,Ohio,9.6,2014,Female,Ohio,9.9,2014,Male,Ohio,10.9,Ohio,9.1,2015,Male,Ohio,10.1,2016,Female,Ohio,9,2016,Male,Ohio,10.4,2017,Female,Ohio,9.9,2017,Male,Ohio,10,2018,Female,Ohio,10.8,2018,Male,Ohio,10.6,2019,Female,Ohio,9.4,2019,Male,Ohio,11.3,2020,Female,Ohio,11.3,2020,Male,Ohio,10.6,2021,Female,Ohio,10.1,2021,Male,Ohio,11.8
2000,Female,Oklahoma,5.8,Oklahoma,5,2001,Female,Oklahoma,6.6,2001,Male,Oklahoma,5,2002,Female,Oklahoma,6.3,2002,Male,Oklahoma,7.1,Oklahoma,7.1,2003,Male,Oklahoma,6.9,2004,Female,Oklahoma,7.4,2004,Male,Oklahoma,8.3,2005,Female,Oklahoma,8.1,2005,Male,Oklahoma,9.4,2006,Female,Oklahoma,9.1,2006,Male,Oklahoma,10.1,2007,Female,Oklahoma,9,2007,Male,Oklahoma,10.3,2008,Female,Oklahoma,8.4,2008,Male,Oklahoma,10.8,2009,Female,Oklahoma,10,2009,Male,Oklahoma,11,2010,Female,Oklahoma,9.1,2010,Male,Oklahoma,10.6,2011,Female,Oklahoma,9.3,2011,Male,Oklahoma,11.9,Oklahoma,9.6,2012,Male,Oklahoma,11.8,Oklahoma,9.1,2013,Male,Oklahoma,11.4,2014,Female,Oklahoma,10.4,2014,Male,Oklahoma,11.6,Oklahoma,10.4,2015,Male,Oklahoma,11,2016,Female,Oklahoma,10.4,2016,Male,Oklahoma,11.5,2017,Female,Oklahoma,11.1,2017,Male,Oklahoma,12.4,2018,Female,Oklahoma,11.1,2018,Male,Oklahoma,11.7,2019,Female,Oklahoma,10.3,2019,Male,Oklahoma,12,2020,Female,Oklahoma,11.3,2020,Male,Oklahoma,12.5,2021,Female,Oklahoma,10.8,2021,Male,Oklahoma,12.6
2000,Female,Oregon,5.3,Oregon,6.3,2001,Female,Oregon,5.3,2001,Male,Oregon,6.3,2002,Female,Oregon,5.8,2002,Male,Oregon,6.2,Oregon,5.4,2003,Male,Oregon,6.8,2004,Female,Oregon,5.4,2004,Male,Oregon,7.5,2005,Female,Oregon,6.1,2005,Male,Oregon,6.9,2006,Female,Oregon,5.7,2006,Male,Oregon,7.4,2007,Female,Oregon,5.9,2007,Male,Oregon,7.2,2008,Female,Oregon,6.1,2008,Male,Oregon,7,2009,Female,Oregon,6.7,2009,Male,Oregon,9.2,2010,Female,Oregon,6,2010,Male,Oregon,7.3,2011,Female,Oregon,7.7,2011,Male,Oregon,9.3,Oregon,8.8,2012,Male,Oregon,9.5,Oregon,7.7,2013,Male,Oregon,9,2014,Female,Oregon,8,2014,Male,Oregon,8,Oregon,8.2,2015,Male,Oregon,11.1,2016,Female,Oregon,8,2016,Male,Oregon,8.8,2017,Female,Oregon,7.9,2017,Male,Oregon,8.9,2018,Female,Oregon,9.8,2018,Male,Oregon,10.1,2019,Female,Oregon,7.5,2019,Male,Oregon,7.6,2020,Female,Oregon,8.3,2020,Male,Oregon,8.6,2021,Female,Oregon,7.7,2021,Male,Oregon,9.4
2000,Female,Pennsylvania,6.3,Pennsylvania,6.8,2001,Female,Pennsylvania,5.8,2001,Male,Pennsylvania,6.8,2002,Female,Pennsylvania,7.3,2002,Male,Pennsylvania,7.5,Pennsylvania,6.5,2003,Male,Pennsylvania,8.5,2004,Female,Pennsylvania,6.6,2004,Male,Pennsylvania,8,2005,Female,Pennsylvania,7.3,2005,Male,Pennsylvania,7.7,2006,Female,Pennsylvania,6.4,2006,Male,Pennsylvania,9.2,2007,Female,Pennsylvania,6.5,2007,Male,Pennsylvania,9.3,2008,Female,Pennsylvania,6.9,2008,Male,Pennsylvania,9,2009,Female,Pennsylvania,7.9,2009,Male,Pennsylvania,8.4,2010,Female,Pennsylvania,8,2010,Male,Pennsylvania,10.6,2011,Female,Pennsylvania,7.4,2011,Male,Pennsylvania,9.5,Pennsylvania,8.5,2012,Male,Pennsylvania,9.5,Pennsylvania,8.5,2013,Male,Pennsylvania,9,2014,Female,Pennsylvania,8.8,2014,Male,Pennsylvania,10.6,Pennsylvania,8.2,2015,Male,Pennsylvania,9.5,2016,Female,Pennsylvania,8.7,2016,Male,Pennsylvania,10.6,2017,Female,Pennsylvania,8.2,2017,Male,Pennsylvania,10,2018,Female,Pennsylvania,9.6,2018,Male,Pennsylvania,10,2019,Female,Pennsylvania,9.2,2019,Male,Pennsylvania,9.3,2020,Female,Pennsylvania,8.8,2020,Male,Pennsylvania,10.9,2021,Female,Pennsylvania,8,2021,Male,Pennsylvania,11
2000,Female,Rhode Island,4.9,Rhode Island,7,2001,Female,Rhode Island,4.9,2001,Male,Rhode Island,7,2002,Female,Rhode Island,5.4,2002,Male,Rhode Island,5.4,Rhode Island,6.1,2003,Male,Rhode Island,7,2004,Female,Rhode Island,6.6,2004,Male,Rhode Island,7.3,2005,Female,Rhode Island,5.1,2005,Male,Rhode Island,7.3,2006,Female,Rhode Island,6.2,2006,Male,Rhode Island,8.5,2007,Female,Rhode Island,6.1,2007,Male,Rhode Island,7.6,2008,Female,Rhode Island,6.7,2008,Male,Rhode Island,7.5,2009,Female,Rhode Island,6.2,2009,Male,Rhode Island,6.8,2010,Female,Rhode Island,6.4,2010,Male,Rhode Island,8.3,2011,Female,Rhode Island,7.9,2011,Male,Rhode Island,7.7,Rhode Island,8.3,2012,Male,Rhode Island,9.7,Rhode Island,7.2,2013,Male,Rhode Island,9.8,2014,Female,Rhode Island,7.2,2014,Male,Rhode Island,9.6,Rhode Island,7.1,2015,Male,Rhode Island,8.9,2016,Female,Rhode Island,7.9,2016,Male,Rhode Island,9.5,2017,Female,Rhode Island,7.3,2017,Male,Rhode Island,8.4,2018,Female,Rhode Island,7.7,2018,Male,Rhode Island,11.5,2019,Female,Rhode Island,7.6,2019,Male,Rhode Island,10.8,2020,Female,Rhode Island,8.2,2020,Male,Rhode Island,10,2021,Female,Rhode Island,8.5,2021,Male,Rhode Island,9.9
2000,Female,South Carolina,6.7,South Carolina,7.9,2001,Female,South Carolina,7.4,2001,Male,South Carolina,7.9,2002,Female,South Carolina,8.2,2002,Male,South Carolina,8.7,South Carolina,9,2003,Male,South Carolina,9.4,2004,Female,South Carolina,8.1,2004,Male,South Carolina,8.3,2005,Female,South Carolina,9.6,2005,Male,South Carolina,10.6,2006,Female,South Carolina,9,2006,Male,South Carolina,9.6,2007,Female,South Carolina,8.9,2007,Male,South Carolina,9.6,2008,Female,South Carolina,8.6,2008,Male,South Carolina,10.6,2009,Female,South Carolina,9.3,2009,Male,South Carolina,10.3,2010,Female,South Carolina,9.6,2010,Male,South Carolina,10.6,2011,Female,South Carolina,11.5,2011,Male,South Carolina,11,South Carolina,10.5,2012,Male,South Carolina,10.7,South Carolina,11.8,2013,Male,South Carolina,10.7,2014,Female,South Carolina,10.5,2014,Male,South Carolina,11.1,South Carolina,10.2,2015,Male,South Carolina,10.9,2016,Female,South Carolina,11.3,2016,Male,South Carolina,11.9,2017,Female,South Carolina,11.8,2017,Male,South Carolina,12,2018,Female,South Carolina,11,2018,Male,South Carolina,12.3,2019,Female,South Carolina,11.4,2019,Male,South Carolina,11.8,2020,Female,South Carolina,12,2020,Male,South Carolina,11.9,2021,Female,South Carolina,12.4,2021,Male,South Carolina,11.6
2000,Female,South Dakota,4.9,South Dakota,6,2001,Female,South Dakota,5.1,2001,Male,South Dakota,6,2002,Female,South Dakota,4.8,2002,Male,South Dakota,7.3,South Dakota,5.9,2003,Male,South Dakota,7.5,2004,Female,South Dakota,5.8,2004,Male,South Dakota,6.7,2005,Female,South Dakota,5.6,2005,Male,South Dakota,6.4,2006,Female,South Dakota,5.9,2006,Male,South Dakota,6.4,2007,Female,South Dakota,5.8,2007,Male,South Dakota,6.7,2008,Female,South Dakota,5.5,2008,Male,South Dakota,6.6,2009,Female,South Dakota,6.3,2009,Male,South Dakota,7,2010,Female,South Dakota,5.4,2010,Male,South Dakota,7.1,2011,Female,South Dakota,6.6,2011,Male,South Dakota,10.8,South Dakota,7.2,2012,Male,South Dakota,6.8,South Dakota,8.2,2013,Male,South Dakota,8.2,2014,Female,South Dakota,7.6,2014,Male,South Dakota,9,South Dakota,7.3,2015,Male,South Dakota,9.7,2016,Female,South Dakota,6.3,2016,Male,South Dakota,7.5,2017,Female,South Dakota,8.8,2017,Male,South Dakota,11.1,2018,Female,South Dakota,8,2018,Male,South Dakota,8.4,2019,Female,South Dakota,8,2019,Male,South Dakota,10.7,2020,Female,South Dakota,6.6,2020,Male,South Dakota,7.5,2021,Female,South Dakota,8.2,2021,Male,South Dakota,11.1
2000,Female,Tennessee,7,Tennessee,6.7,2001,Female,Tennessee,7.4,2001,Male,Tennessee,6.7,2002,Female,Tennessee,8.1,2002,Male,Tennessee,8.9,Tennessee,10,2003,Male,Tennessee,8.1,2004,Female,Tennessee,8.2,2004,Male,Tennessee,8.3,2005,Female,Tennessee,9,2005,Male,Tennessee,8.7,2006,Female,Tennessee,10,2006,Male,Tennessee,10.8,2007,Female,Tennessee,9.7,2007,Male,Tennessee,13.7,2008,Female,Tennessee,10.5,2008,Male,Tennessee,9.6,2009,Female,Tennessee,10,2009,Male,Tennessee,9.6,2010,Female,Tennessee,10.7,2010,Male,Tennessee,10.5,2011,Female,Tennessee,10.1,2011,Male,Tennessee,10.7,Tennessee,10.7,2012,Male,Tennessee,11.2,Tennessee,10.8,2013,Male,Tennessee,11.6,2014,Female,Tennessee,11.4,2014,Male,Tennessee,12.2,Tennessee,11.3,2015,Male,Tennessee,11.7,2016,Female,Tennessee,10.5,2016,Male,Tennessee,12,2017,Female,Tennessee,11.5,2017,Male,Tennessee,12.1,2018,Female,Tennessee,11.7,2018,Male,Tennessee,12.9,2019,Female,Tennessee,11.2,2019,Male,Tennessee,13.1,2020,Female,Tennessee,10.8,2020,Male,Tennessee,14.6,2021,Female,Tennessee,12.1,2021,Male,Tennessee,12.3
2000,Female,Texas,6.2,Texas,6.9,2001,Female,Texas,7.1,2001,Male,Texas,6.9,2002,Female,Texas,7.6,2002,Male,Texas,7.7,Texas,8.3,2003,Male,Texas,8.6,2004,Female,Texas,7.8,2004,Male,Texas,8.5,2005,Female,Texas,8.6,2005,Male,Texas,8.1,2006,Female,Texas,8,2006,Male,Texas,8.8,2007,Female,Texas,10.8,2007,Male,Texas,10.7,2008,Female,Texas,9.6,2008,Male,Texas,10.5,2009,Female,Texas,8.5,2009,Male,Texas,10.6,2010,Female,Texas,9.4,2010,Male,Texas,10.7,2011,Female,Texas,9.4,2011,Male,Texas,11.3,Texas,10,2012,Male,Texas,11.4,Texas,10,2013,Male,Texas,11.8,2014,Female,Texas,10,2014,Male,Texas,11.7,Texas,10.1,2015,Male,Texas,12.4,2016,Female,Texas,10.6,2016,Male,Texas,11.3,2017,Female,Texas,10.5,2017,Male,Texas,13,2018,Female,Texas,11.3,2018,Male,Texas,12.8,2019,Female,Texas,10.7,2019,Male,Texas,12.9,2020,Female,Texas,10.4,2020,Male,Texas,14,2021,Female,Texas,9.7,2021,Male,Texas,12.5
2000,Female,Utah,5.4,Utah,6.2,2001,Female,Utah,4.3,2001,Male,Utah,6.2,2002,Female,Utah,4.9,2002,Male,Utah,5.4,Utah,6.3,2003,Male,Utah,6.6,2004,Female,Utah,4.7,2004,Male,Utah,6.9,2005,Female,Utah,5.7,2005,Male,Utah,7.2,2006,Female,Utah,5.3,2006,Male,Utah,8.4,2007,Female,Utah,5.6,2007,Male,Utah,7.9,2008,Female,Utah,6.4,2008,Male,Utah,7.3,2009,Female,Utah,6,2009,Male,Utah,7.9,2010,Female,Utah,7,2010,Male,Utah,7.7,2011,Female,Utah,6.8,2011,Male,Utah,8.1,Utah,7.4,2012,Male,Utah,8.4,Utah,7.1,2013,Male,Utah,8.5,2014,Female,Utah,7,2014,Male,Utah,8.5,Utah,6.9,2015,Male,Utah,8.2,2016,Female,Utah,6.8,2016,Male,Utah,8.6,2017,Female,Utah,6.8,2017,Male,Utah,8.2,2018,Female,Utah,8,2018,Male,Utah,9.5,2019,Female,Utah,7.7,2019,Male,Utah,9,2020,Female,Utah,7.8,2020,Male,Utah,9.3,2021,Female,Utah,7.2,2021,Male,Utah,9.2
2000,Female,Vermont,4,Vermont,5,2001,Female,Vermont,5.2,2001,Male,Vermont,5,2002,Female,Vermont,5.2,2002,Male,Vermont,6.1,Vermont,4.7,2003,Male,Vermont,6.6,2004,Female,Vermont,5,2004,Male,Vermont,5.3,2005,Female,Vermont,4.3,2005,Male,Vermont,7.1,2006,Female,Vermont,5,2006,Male,Vermont,6,2007,Female,Vermont,5.9,2007,Male,Vermont,7.2,2008,Female,Vermont,5.3,2008,Male,Vermont,6.6,2009,Female,Vermont,5.2,2009,Male,Vermont,6,2010,Female,Vermont,6,2010,Male,Vermont,6.3,2011,Female,Vermont,6.2,2011,Male,Vermont,7.4,Vermont,6.2,2012,Male,Vermont,6.8,Vermont,6.1,2013,Male,Vermont,7.3,2014,Female,Vermont,6.3,2014,Male,Vermont,7.8,Vermont,6.1,2015,Male,Vermont,8.2,2016,Female,Vermont,6.9,2016,Male,Vermont,7.8,2017,Female,Vermont,5.5,2017,Male,Vermont,8.4,2018,Female,Vermont,6.5,2018,Male,Vermont,8.8,2019,Female,Vermont,6.6,2019,Male,Vermont,8.3,2020,Female,Vermont,6.1,2020,Male,Vermont,7.5,2021,Female,Vermont,6.4,2021,Male,Vermont,7.8
2000,Female,Virginia,6.8,Virginia,5.6,2001,Female,Virginia,5.5,2001,Male,Virginia,5.6,2002,Female,Virginia,6.9,2002,Male,Virginia,5.9,Virginia,6.8,2003,Male,Virginia,7.5,2004,Female,Virginia,5.7,2004,Male,Virginia,9.1,2005,Female,Virginia,6.3,2005,Male,Virginia,7.9,2006,Female,Virginia,6.5,2006,Male,Virginia,8.1,2007,Female,Virginia,7.9,2007,Male,Virginia,8,2008,Female,Virginia,7.1,2008,Male,Virginia,8.5,2009,Female,Virginia,7.3,2009,Male,Virginia,8.5,2010,Female,Virginia,7.6,2010,Male,Virginia,9.1,2011,Female,Virginia,10,2011,Male,Virginia,9.8,Virginia,9.8,2012,Male,Virginia,9.9,Virginia,8.8,2013,Male,Virginia,9.6,2014,Female,Virginia,8.8,2014,Male,Virginia,9.2,Virginia,9.7,2015,Male,Virginia,9.4,2016,Female,Virginia,9,2016,Male,Virginia,10.3,2017,Female,Virginia,9.1,2017,Male,Virginia,10.1,2018,Female,Virginia,8.9,2018,Male,Virginia,10.1,2019,Female,Virginia,9.1,2019,Male,Virginia,10.6,2020,Female,Virginia,9.3,2020,Male,Virginia,10.5,2021,Female,Virginia,9.4,2021,Male,Virginia,11.1
2000,Female,Washington,5.5,Washington,5.6,2001,Female,Washington,5.1,2001,Male,Washington,5.6,2002,Female,Washington,5.1,2002,Male,Washington,6.9,Washington,6.1,2003,Male,Washington,7.2,2004,Female,Washington,6.1,2004,Male,Washington,6.9,2005,Female,Washington,6.1,2005,Male,Washington,6.6,2006,Female,Washington,6.4,2006,Male,Washington,7.8,2007,Female,Washington,6.6,2007,Male,Washington,7.5,2008,Female,Washington,6.6,2008,Male,Washington,7,2009,Female,Washington,6.8,2009,Male,Washington,8.3,2010,Female,Washington,6.8,2010,Male,Washington,7.9,2011,Female,Washington,7.8,2011,Male,Washington,9.3,Washington,8.2,2012,Male,Washington,8.5,Washington,7.3,2013,Male,Washington,8.8,2014,Female,Washington,7.4,2014,Male,Washington,9.1,Washington,7,2015,Male,Washington,8.5,2016,Female,Washington,8.2,2016,Male,Washington,9.2,2017,Female,Washington,8.1,2017,Male,Washington,8.8,2018,Female,Washington,8.5,2018,Male,Washington,9.6,2019,Female,Washington,7.8,2019,Male,Washington,9.4,2020,Female,Washington,7.4,2020,Male,Washington,8.4,2021,Female,Washington,7.3,2021,Male,Washington,8.6
2000,Female,West Virginia,6.8,West Virginia,7.2,2001,Female,West Virginia,7.8,2001,Male,West Virginia,7.2,2002,Female,West Virginia,8.9,2002,Male,West Virginia,9.6,West Virginia,9.8,2003,Male,West Virginia,8.3,2004,Female,West Virginia,9,2004,Male,West Virginia,11.1,2005,Female,West Virginia,9.9,2005,Male,West Virginia,9.3,2006,Female,West Virginia,9.9,2006,Male,West Virginia,11.8,2007,Female,West Virginia,9.2,2007,Male,West Virginia,10.5,2008,Female,West Virginia,10.6,2008,Male,West Virginia,11.4,2009,Female,West Virginia,11.3,2009,Male,West Virginia,10.9,2010,Female,West Virginia,9.9,2010,Male,West Virginia,10.9,2011,Female,West Virginia,10.8,2011,Male,West Virginia,10.5,West Virginia,11.2,2012,Male,West Virginia,11.1,West Virginia,10.7,2013,Male,West Virginia,11.9,2014,Female,West Virginia,11.9,2014,Male,West Virginia,12.2,West Virginia,12,2015,Male,West Virginia,13.1,2016,Female,West Virginia,12.4,2016,Male,West Virginia,13.1,2017,Female,West Virginia,12.4,2017,Male,West Virginia,13.2,2018,Female,West Virginia,14.7,2018,Male,West Virginia,12.3,2019,Female,West Virginia,12.7,2019,Male,West Virginia,13.4,2020,Female,West Virginia,11.9,2020,Male,West Virginia,14.4,2021,Female,West Virginia,12.6,2021,Male,West Virginia,13.7
2000,Female,Wisconsin,6.1,Wisconsin,5.8,2001,Female,Wisconsin,4.8,2001,Male,Wisconsin,5.8,2002,Female,Wisconsin,4.6,2002,Male,Wisconsin,5.3,Wisconsin,5.4,2003,Male,Wisconsin,6.4,2004,Female,Wisconsin,5,2004,Male,Wisconsin,6,2005,Female,Wisconsin,5.7,2005,Male,Wisconsin,7,2006,Female,Wisconsin,5.6,2006,Male,Wisconsin,6.3,2007,Female,Wisconsin,5.6,2007,Male,Wisconsin,6.6,2008,Female,Wisconsin,6.8,2008,Male,Wisconsin,7.1,2009,Female,Wisconsin,6.7,2009,Male,Wisconsin,8.8,2010,Female,Wisconsin,5.8,2010,Male,Wisconsin,7.5,2011,Female,Wisconsin,7.9,2011,Male,Wisconsin,7.4,Wisconsin,7.1,2012,Male,Wisconsin,7.9,Wisconsin,7.1,2013,Male,Wisconsin,7.7,2014,Female,Wisconsin,7.5,2014,Male,Wisconsin,8.5,Wisconsin,6.7,2015,Male,Wisconsin,8.1,2016,Female,Wisconsin,6.9,2016,Male,Wisconsin,10.3,2017,Female,Wisconsin,6.8,2017,Male,Wisconsin,9.5,2018,Female,Wisconsin,6.6,2018,Male,Wisconsin,8.4,2019,Female,Wisconsin,6.9,2019,Male,Wisconsin,8,2020,Female,Wisconsin,7.4,2020,Male,Wisconsin,7.9,2021,Female,Wisconsin,7.6,2021,Male,Wisconsin,8.4
2000,Female,Wyoming,4.4,Wyoming,5.8,2001,Female,Wyoming,4.7,2001,Male,Wyoming,5.8,2002,Female,Wyoming,4.8,2002,Male,Wyoming,6.6,Wyoming,5.1,2003,Male,Wyoming,6.1,2004,Female,Wyoming,5.1,2004,Male,Wyoming,6.7,2005,Female,Wyoming,5.7,2005,Male,Wyoming,6.9,2006,Female,Wyoming,5.7,2006,Male,Wyoming,6.6,2007,Female,Wyoming,6.6,2007,Male,Wyoming,6.6,2008,Female,Wyoming,6.6,2008,Male,Wyoming,7.4,2009,Female,Wyoming,5.9,2009,Male,Wyoming,7.1,2010,Female,Wyoming,6.7,2010,Male,Wyoming,6.7,2011,Female,Wyoming,7.4,2011,Male,Wyoming,8.1,Wyoming,7.6,2012,Male,Wyoming,9.3,Wyoming,8.1,2013,Male,Wyoming,8.1,2014,Female,Wyoming,6.7,2014,Male,Wyoming,8.8,Wyoming,6.4,2015,Male,Wyoming,8.8,2016,Female,Wyoming,7.4,2016,Male,Wyoming,7.8,2017,Female,Wyoming,7.4,2017,Male,Wyoming,8.8,2018,Female,Wyoming,7.8,2018,Male,Wyoming,8.1,2019,Female,Wyoming,6.6,2019,Male,Wyoming,7.1,2020,Female,Wyoming,7.4,2020,Male,Wyoming,7.8,2021,Female,Wyoming,6.5,2021,Male,Wyoming,8.8
2000,Female,Guam,No Data,Guam,No Data,2001,Female,Guam,11.8,2001,Male,Guam,No Data,2002,Female,Guam,10.2,2002,Male,Guam,8.3,Guam,10.9,2003,Male,Guam,11.5,2004,Female,Guam,No Data,2004,Male,Guam,No Data,2005,Female,Guam,No Data,2005,Male,Guam,No Data,2006,Female,Guam,No Data,2006,Male,Guam,No Data,2007,Female,Guam,13.4,2007,Male,Guam,9.3,2008,Female,Guam,9.6,2008,Male,Guam,9.1,2009,Female,Guam,10.6,2009,Male,Guam,10,2010,Female,Guam,13,2010,Male,Guam,13.9,2011,Female,Guam,11.8,2011,Male,Guam,10.9,Guam,11,2012,Male,Guam,9.6,Guam,14.8,2013,Male,Guam,15,2014,Female,Guam,13.2,2014,Male,Guam,10,Guam,14,2015,Male,Guam,14.1,2016,Female,Guam,12.4,2016,Male,Guam,10.1,2017,Female,Guam,16.8,2017,Male,Guam,15,2018,Female,Guam,14.4,2018,Male,Guam,15.9,2019,Female,Guam,12.2,2019,Male,Guam,15,2020,Female,Guam,15.1,2020,Male,Guam,18.3,2021,Female,Guam,12.8,2021,Male,Guam,12.1
2000,Female,Puerto Rico,8.8,Puerto Rico,9.6,2001,Female,Puerto Rico,10.5,2001,Male,Puerto Rico,9.6,2002,Female,Puerto Rico,10.5,2002,Male,Puerto Rico,11.1,Puerto Rico,10.9,2003,Male,Puerto Rico,11,2004,Female,Puerto Rico,10.7,2004,Male,Puerto Rico,10.6,2005,Female,Puerto Rico,12.5,2005,Male,Puerto Rico,12.5,2006,Female,Puerto Rico,11.9,2006,Male,Puerto Rico,11.7,2007,Female,Puerto Rico,11.9,2007,Male,Puerto Rico,12.9,2008,Female,Puerto Rico,11.2,2008,Male,Puerto Rico,13.6,2009,Female,Puerto Rico,12.8,2009,Male,Puerto Rico,12.9,2010,Female,Puerto Rico,13,2010,Male,Puerto Rico,12.4,2011,Female,Puerto Rico,13.5,2011,Male,Puerto Rico,13,Puerto Rico,16,2012,Male,Puerto Rico,14.4,Puerto Rico,14,2013,Male,Puerto Rico,13.3,2014,Female,Puerto Rico,14.5,2014,Male,Puerto Rico,13.9,Puerto Rico,15.8,2015,Male,Puerto Rico,13.4,2016,Female,Puerto Rico,13.4,2016,Male,Puerto Rico,14,2017,Female,Puerto Rico,15.2,2017,Male,Puerto Rico,14.6,2018,Female,Puerto Rico,13.3,2018,Male,Puerto Rico,12.8,2019,Female,Puerto Rico,14.4,2019,Male,Puerto Rico,14.5,2020,Female,Puerto Rico,13.1,2020,Male,Puerto Rico,13.2,2021,Female,Puerto Rico,14.1,2021,Male,Puerto Rico,14.7
2000,Female,Virgin Islands of the U.S.,No Data,Virgin Islands of the U.S.,No Data,2001,Female,Virgin Islands of the U.S.,9.9,2001,Male,Virgin Islands of the U.S.,No Data,2002,Female,Virgin Islands of the U.S.,11.3,2002,Male,Virgin Islands of the U.S.,7.2,Virgin Islands of the U.S.,9.9,2003,Male,Virgin Islands of the U.S.,10.7,2004,Female,Virgin Islands of the U.S.,10,2004,Male,Virgin Islands of the U.S.,8.7,2005,Female,Virgin Islands of the U.S.,9.8,2005,Male,Virgin Islands of the U.S.,8.6,2006,Female,Virgin Islands of the U.S.,9.6,2006,Male,Virgin Islands of the U.S.,9.1,2007,Female,Virgin Islands of the U.S.,11.1,2007,Male,Virgin Islands of the U.S.,7.3,2008,Female,Virgin Islands of the U.S.,11.5,2008,Male,Virgin Islands of the U.S.,9.4,2009,Female,Virgin Islands of the U.S.,9.3,2009,Male,Virgin Islands of the U.S.,7.2,2010,Female,Virgin Islands of the U.S.,10.2,2010,Male,Virgin Islands of the U.S.,9.1,2011,Female,Virgin Islands of the U.S.,No Data,2011,Male,Virgin Islands of the U.S.,No Data,Virgin Islands of the U.S.,No Data,2012,Male,Virgin Islands of the U.S.,No Data,Virgin Islands of the U.S.,No Data,2013,Male,Virgin Islands of the U.S.,No Data,2014,Female,Virgin Islands of the U.S.,No Data,2014,Male,Virgin Islands of the U.S.,No Data,Virgin Islands of the U.S.,No Data,2015,Male,Virgin Islands of the U.S.,No Data,2016,Female,Virgin Islands of the U.S.,12.7,2016,Male,Virgin Islands of the U.S.,11,2017,Female,Virgin Islands of the U.S.,No Data,2017,Male,Virgin Islands of the U.S.,No Data,2018,Female,Virgin Islands of the U.S.,No Data,2018,Male,Virgin Islands of the U.S.,No Data,2019,Female,Virgin Islands of the U.S.,No Data,2019,Male,Virgin Islands of the U.S.,No Data,2020,Female,Virgin Islands of the U.S.,No Data,2020,Male,Virgin Islands of the U.S.,No Data,2021,Female,Virgin Islands of the U.S.,Suppressed,2021,Male,Virgin Islands of the U.S.,10.7
